year_x,iso3_o_x,iso3_d_x,Exports,gmt_offset_2020_o_x,gmt_offset_2020_d_x,lndist_x,dist_x,contig_x,comlang_off_x,comlang_ethno_x,comcol_x,col45_x,asean,aifta,international,gdp_o_x,gdp_d_x,tradeflow_comtrade_o_x,tradeflow_comtrade_d_x,tradeflow_imf_o_x,tradeflow_imf_d_x,sum_tf
2020,ARE,ARE,,4,4,4.69,109,0,0,0,0,0,0,0,0,358868765.2,358868765.2,,,,,
2020,ARE,AUS,598022.5915,4,10,9.36,11658,0,0,0,0,0,0,0,1,358868765.2,1327836171,596145.089,1489349.176,1389918.5,1473313.5,2085494.265
2020,ARE,BRN,13913.29745,4,8,8.81,6734,0,0,0,1,0,0,0,1,358868765.2,12005825.77,13851.439,227748.07,213284.781,226081.875,241599.509
2020,ARE,CAN,342610.2943,4,5,9.31,11085,0,0,0,0,0,0,0,1,358868765.2,1645423408,329427.315,180824.276,185449.484,196576.469,510251.591
2020,ARE,CHL,65394.16349,4,4,9.60,14760,0,0,0,0,0,0,0,1,358868765.2,252727193.7,65394.143,24753.619,23352.484,24753.637,90147.762
2020,ARE,CHN,8021727.537,4,8,8.77,6430,0,0,0,0,0,0,0,1,358868765.2,14687673893,8005718.801,16838581.07,15348546,16957498,24844299.87
2020,ARE,COL,86603.38922,4,5,9.52,13639,0,0,0,0,0,0,0,1,358868765.2,270299982.9,86603.372,68858.39,64960.762,68858.406,155461.762
2020,ARE,DEU,1350338.15,4,1,8.44,4624,0,0,0,0,0,0,0,1,358868765.2,3846413929,1219549.97,771820.459,601938.688,638055,1991370.429
2020,ARE,FRA,642982.5489,4,1,8.57,5251,0,0,0,0,0,0,0,1,358868765.2,2630317731,642978.34,933861.428,892022.5,945543.875,1576839.768
2020,ARE,IDN,385805.7691,4,7,8.79,6572,0,0,0,0,0,0,0,1,358868765.2,1058688935,358415.585,1660088.528,1587728.25,1682992,2018504.113
2020,ARE,IND,11496283.52,4,5.5,7.70,2204,0,0,0,1,0,0,0,1,358868765.2,2667687952,8770496.176,21372324.09,22599558,23955530,30142820.27
2020,ARE,JPN,1416170.879,4,9,8.98,7940,0,0,0,0,0,0,0,1,358868765.2,5040107754,1415696.657,16396793.14,15412320,16337059,17812489.8
2020,ARE,KHM,106314.3249,4,7,8.60,5423,0,0,0,0,0,0,0,1,358868765.2,25872798.01,106314.222,55579.381,52433.391,55579.395,161893.603
2020,ARE,KOR,795821.2925,4,9,8.82,6788,0,0,0,0,0,0,0,1,358868765.2,1637895803,795551.926,5689389.48,5371652.5,5693952,6484941.406
2020,ARE,LAO,43723.30302,4,7,8.50,4938,0,0,0,0,0,0,0,1,358868765.2,18981800.71,43722.75,,,,43722.75
2020,ARE,LKA,610247.4413,4,5.5,8.10,3306,0,0,0,1,0,0,0,1,358868765.2,80969683.54,324458.328,881299.59,838676.125,888996.688,1205757.918
2020,ARE,MMR,152746.2466,4,6.5,8.37,4330,0,0,0,1,0,0,0,1,358868765.2,78930257.23,152746.229,203176.19,191679.25,203180,355922.419
2020,ARE,MYS,1377745.46,4,8,8.62,5531,0,0,0,1,0,0,0,1,358868765.2,337006023.8,924254.424,2404583.359,2724271.5,2887728.25,3328837.783
2020,ARE,NZL,104443.6588,4,12,9.56,14202,0,0,0,0,0,0,0,1,358868765.2,211734532.3,104373.219,985003.268,941927,998442.625,1089376.487
2020,ARE,PAK,3471870.763,4,5,7.08,1188,0,0,0,1,0,0,0,1,358868765.2,300306331.7,3460433.375,4472299.71,4227087.5,4480712.5,7932733.085
2020,ARE,PHL,301687.6974,4,8,8.84,6913,0,0,0,0,0,0,0,1,358868765.2,361751116.3,301417.896,444817.809,427115.281,452742.219,746235.705
2020,ARE,RUS,615192.0224,4,3,8.21,3678,0,0,0,0,0,0,0,1,358868765.2,1488321875,609710.377,340796.058,328715.594,348438.531,950506.435
2020,ARE,SGP,1823916.573,4,8,8.67,5842,0,0,0,1,0,0,0,1,358868765.2,345295933.9,1450838.187,5961200.123,4555644.5,4828983,7412038.31
2020,ARE,THA,734306.6815,4,7,8.50,4891,0,0,0,0,0,0,0,1,358868765.2,499681757,632951.553,5529869.13,4981264.5,5280140.5,6162820.683
2020,ARE,USA,5367206.073,4,5,9.31,11024,0,0,0,0,0,0,0,1,358868765.2,20893743833,5296346.491,3234562.515,2897476,3071324.75,8530909.006
2020,ARE,VNM,743649.3042,4,7,8.64,5634,0,0,0,0,0,0,0,1,358868765.2,343242570.8,743646.392,418732.847,394287.781,417945.062,1162379.239
2020,ARE,ZAF,830801.95,4,2,8.76,6405,0,0,0,0,0,0,0,1,358868765.2,335442101.4,812755.866,1202073.872,1205592.375,1277927.875,2014829.738
2020,AUS,ARE,1311953.067,10,4,9.36,11658,0,0,0,0,0,0,0,1,1327836171,358868765.2,1949549.18,1659786.201,1946404.125,1707099,3609335.381
2020,AUS,AUS,,10,10,6.95,1046,0,0,0,0,0,0,0,0,1327836171,1327836171,,,,,0
2020,AUS,BRN,244858.0428,10,8,8.64,5661,0,0,0,0,0,0,0,1,1327836171,12005825.77,266045.192,296747.265,282998.594,299878.969,562792.457
2020,AUS,CAN,1112637.955,10,5,9.70,16263,0,1,1,0,0,0,0,1,1327836171,1645423408,1439999.525,1680342.924,1459348.875,1865048.5,3120342.449
2020,AUS,CHL,267060.5595,10,4,9.33,11299,0,0,0,0,0,0,0,1,1327836171,252727193.7,283888.58,300165.789,293499.156,300334.469,584054.369
2020,AUS,CHN,92618918.07,10,8,8.99,8024,0,0,0,0,0,0,0,1,1327836171,14687673893,100085567.8,113706445.3,100542360,114766776,213792013.1
2020,AUS,COL,19236.70499,10,5,9.59,14616,0,0,0,0,0,0,0,1,1327836171,270299982.9,19274.463,34039.971,19339.312,34039.988,53314.434
2020,AUS,DEU,2043923.119,10,1,9.68,15965,0,0,0,0,0,0,0,1,1327836171,3846413929,1717810.495,2576880.001,2593787.5,2564659.25,4294690.496
2020,AUS,FRA,1204271.223,10,1,9.73,16788,0,0,0,0,0,0,0,1,1327836171,2630317731,819226.326,655959.028,1295927,654645.062,1475185.354
2020,AUS,IDN,3515974.498,10,7,8.56,5202,0,0,0,0,0,0,0,1,1327836171,1058688935,3481378.716,4441638.735,3614693,4646583.5,7923017.451
2020,AUS,IND,6600741.464,10,5.5,9.23,10192,0,1,1,0,0,0,0,1,1327836171,2667687952,6830275.46,7032668.532,7463911.5,7251122.5,13862943.99
2020,AUS,JPN,22654468.1,10,9,9.01,8156,0,0,0,0,0,0,0,1,1327836171,5040107754,30245381.99,35706271.99,30991592,35622872,65951653.98
2020,AUS,KHM,82218.39806,10,7,8.84,6877,0,0,0,0,0,0,0,1,1327836171,25872798.01,83597.316,79819.926,83758.227,80219.547,163417.242
2020,AUS,KOR,14067203.94,10,9,9.05,8549,0,0,1,0,0,0,0,1,1327836171,1637895803,15751725.47,18523216.96,15723126,18680674,34274942.43
2020,AUS,LAO,19118.3568,10,7,8.94,7600,0,0,0,0,0,0,0,1,1327836171,18981800.71,19218.712,,19201.82,20353.928,19218.712
2020,AUS,LKA,134648.9891,10,5.5,9.03,8353,0,0,0,0,0,0,0,1,1327836171,80969683.54,134048.07,122886.863,137588.188,123338.75,256934.933
2020,AUS,MMR,114613.4383,10,6.5,8.98,7910,0,0,0,0,0,0,0,1,1327836171,78930257.23,114785.01,140067.221,114791.398,140060,254852.231
2020,AUS,MYS,3860255.912,10,8,8.76,6358,0,0,0,0,0,0,0,1,1327836171,337006023.8,4821991.631,4605536.557,4791206.5,4642257,9427528.188
2020,AUS,NZL,6867293.377,10,12,7.88,2632,0,1,1,0,0,0,0,1,1327836171,211734532.3,6803189.285,4405965.464,7028089,4500577,11209154.75
2020,AUS,PAK,319641.2229,10,5,9.28,10684,0,1,1,0,0,0,0,1,1327836171,300306331.7,319626.496,293390.902,331876.344,293202.031,613017.398
2020,AUS,PHL,1407130.915,10,8,8.75,6321,0,1,1,0,0,0,0,1,1327836171,361751116.3,1461893.019,830927.861,1466102.875,826359.375,2292820.88
2020,AUS,RUS,259203.8831,10,3,9.58,14412,0,0,0,0,0,0,0,1,1327836171,1488321875,471685.427,663490.6,459453.219,663767.75,1135176.027
2020,AUS,SGP,7112511.051,10,8,8.71,6047,0,1,1,0,0,0,0,1,1327836171,345295933.9,7544586.68,3722756.636,8271885.5,3873442.75,11267343.32
2020,AUS,THA,2522355.464,10,7,8.90,7352,0,0,0,0,0,0,0,1,1327836171,499681757,2747656.72,3301578.334,2762815.5,3322825.25,6049235.054
2020,AUS,USA,12837725.45,10,5,9.72,16672,0,1,1,0,0,0,0,1,1327836171,20893743833,8847109.463,11606243.36,13164794,14434216,20453352.82
2020,AUS,VNM,4404644.728,10,7,8.81,6694,0,0,0,0,0,0,0,1,1327836171,343242570.8,4406182.104,4662279.903,,4670192.5,9068462.007
2020,AUS,ZAF,769505.3566,10,2,9.24,10347,0,1,1,0,0,0,0,1,1327836171,335442101.4,771948.761,757674.099,789521.562,804101.688,1529622.86
2020,BRN,ARE,838.13786,8,4,8.81,6734,0,0,0,1,0,0,0,1,12005825.77,358868765.2,838.13,212.349,852.068,212.358,1050.479
2020,BRN,AUS,332081.0418,8,10,8.64,5661,0,0,0,0,0,0,0,1,12005825.77,1327836171,332081.03,986813.531,331964,1033076.75,1318894.561
2020,BRN,BRN,,8,8,3.37,29,0,0,0,0,0,1,0,0,12005825.77,12005825.77,,,,,0
2020,BRN,CAN,2034.36175,8,5,9.58,14429,0,0,0,0,0,0,0,1,12005825.77,1645423408,2034.356,1379.313,2010.157,1428.777,3413.669
2020,BRN,CHL,2146.21032,8,4,9.73,16795,0,0,0,0,0,0,0,1,12005825.77,252727193.7,2146.209,0.057,2115.687,0.057,2146.266
2020,BRN,CHN,1168825.691,8,8,8.00,2988,0,0,0,0,0,0,0,1,12005825.77,14687673893,1168825.678,1436055.692,1168598.875,1450204.375,2604881.37
2020,BRN,COL,33.40175,8,5,9.83,18562,0,0,0,0,0,0,0,1,12005825.77,270299982.9,33.401,239.43,33.662,239.433,272.831
2020,BRN,DEU,644.43328,8,1,9.24,10351,0,0,0,0,0,0,0,1,12005825.77,3846413929,644.427,1960.237,656.319,1948.509,2604.664
2020,BRN,FRA,90.42808,8,1,9.33,11215,0,0,0,0,0,0,0,1,12005825.77,2630317731,90.424,1820.019,93.286,1870.247,1910.443
2020,BRN,IDN,71901.21767,8,7,7.33,1527,0,0,1,0,0,1,0,1,12005825.77,1058688935,71901.206,75338.073,71659.438,75338.07,147239.279
2020,BRN,IND,347753.067,8,5.5,8.47,4767,0,0,0,1,0,0,1,1,12005825.77,2667687952,347753.058,422894.364,349919.719,424724.125,770647.422
2020,BRN,JPN,1691579.333,8,9,8.35,4246,0,0,0,0,0,0,0,1,12005825.77,5040107754,1691579.324,1699984.995,1692661.25,1735486.375,3391564.319
2020,BRN,KHM,18.16515,8,7,7.19,1325,0,0,0,0,0,1,0,1,12005825.77,25872798.01,18.165,,18.591,,18.165
2020,BRN,KOR,142164.4788,8,9,8.25,3815,0,0,0,0,0,0,0,1,12005825.77,1637895803,142164.469,215454.779,141135.719,215754,357619.248
2020,BRN,LAO,0.03622,8,7,7.59,1971,0,0,0,0,0,1,0,1,12005825.77,18981800.71,0.036,,,,0.036
2020,BRN,LKA,18758.51088,8,5.5,8.27,3892,0,0,0,1,0,0,0,1,12005825.77,80969683.54,18758.509,26450.064,18573.92,26450.064,45208.573
2020,BRN,MMR,0.24005,8,6.5,7.80,2434,0,0,0,1,0,1,0,1,12005825.77,78930257.23,0.24,41.191,0.184,40,41.431
2020,BRN,MYS,509231.301,8,8,7.30,1486,1,1,1,1,0,1,0,1,12005825.77,337006023.8,509231.278,459812.08,508539.688,459837.062,969043.358
2020,BRN,NZL,305.37131,8,12,8.95,7731,0,0,0,0,0,0,0,1,12005825.77,211734532.3,305.363,39334.706,311.968,38118.031,39640.069
2020,BRN,PAK,19561.57909,8,5,8.62,5564,0,0,0,1,0,0,0,1,12005825.77,300306331.7,19561.577,71.138,19439.988,70.614,19632.715
2020,BRN,PHL,145569.1426,8,8,7.14,1257,0,0,0,0,0,1,0,1,12005825.77,361751116.3,145569.133,168133.4,146513.359,169220.906,313702.533
2020,BRN,RUS,,8,3,9.08,8762,0,0,0,0,0,0,0,1,12005825.77,1488321875,,9.793,,9.795,9.793
2020,BRN,SGP,1408189.776,8,8,7.17,1298,0,0,1,1,0,1,0,1,12005825.77,345295933.9,1396476.933,783989.671,1404758.5,608299.125,2180466.604
2020,BRN,THA,293695.1585,8,7,7.53,1857,0,0,0,0,0,1,0,1,12005825.77,499681757,293695.151,413904.047,295478.844,375915.125,707599.198
2020,BRN,USA,76113.75703,8,5,9.61,14867,0,0,0,0,0,0,0,1,12005825.77,20893743833,76113.746,90301.86,74963.812,83103.203,166415.606
2020,BRN,VNM,227041.0657,8,7,7.02,1116,0,0,0,0,0,1,0,1,12005825.77,343242570.8,227041.059,276867.146,227584.844,265135.281,503908.205
2020,BRN,ZAF,,8,2,9.21,9948,0,0,0,0,0,0,0,1,12005825.77,335442101.4,,199.732,,186.219,199.732
2020,CAN,ARE,1317775.907,5,4,9.31,11085,0,0,0,0,0,0,0,1,1645423408,358868765.2,1299573.689,1773949.942,1316242.875,1820193.375,3073523.631
2020,CAN,AUS,1592742.991,5,10,9.70,16263,0,1,1,0,0,0,0,1,1645423408,1327836171,1590601.68,1767900.507,1591557.875,1756687.375,3358502.187
2020,CAN,BRN,6886.267772,5,8,9.58,14429,0,0,0,0,0,0,0,1,1645423408,12005825.77,6886.253,5124.191,6874.371,5101.935,12010.444
2020,CAN,CAN,,5,5,7.08,1189,0,0,0,0,0,0,0,0,1645423408,1645423408,,,,,0
2020,CAN,CHL,731214.4399,5,4,9.06,8590,0,0,0,0,0,0,0,1,1645423408,252727193.7,730838.99,799315.04,731380.125,809924.375,1530154.03
2020,CAN,CHN,18860946.71,5,8,9.34,11441,0,0,0,0,0,0,0,1,1645423408,14687673893,18823955.85,21871244.2,18764670,21873152,40695200.05
2020,CAN,COL,589401.27,5,5,8.38,4362,0,0,0,0,0,0,0,1,1645423408,270299982.9,589092.468,751137.356,586060.25,751137.438,1340229.824
2020,CAN,DEU,4492189.342,5,1,8.78,6493,0,0,0,0,0,0,0,1,1645423408,3846413929,3909675.236,5577999.768,4741340.5,5163747.5,9487675.004
2020,CAN,FRA,2771667.867,5,1,8.70,6017,0,1,1,0,0,0,0,1,1645423408,2630317731,2769314.666,3089156.554,2768791,3141500.25,5858471.22
2020,CAN,IDN,1335124.649,5,7,9.67,15806,0,0,0,0,0,0,0,1,1645423408,1058688935,1332248.314,1615455.845,1329104,1615455.875,2947704.159
2020,CAN,IND,2768164.764,5,5.5,9.36,11646,0,1,1,0,0,0,0,1,1645423408,2667687952,2767207.063,2744145.67,2581966.75,2731329,5511352.733
2020,CAN,JPN,9243571.157,5,9,9.25,10367,0,0,0,0,0,0,0,1,1645423408,5040107754,9238761.57,10802203.87,9191419,9856923,20040965.44
2020,CAN,KHM,23434.27791,5,7,9.54,13869,0,0,0,0,0,0,0,1,1645423408,25872798.01,23434.261,55531.301,23312.342,55531.316,78965.562
2020,CAN,KOR,3510071.458,5,9,9.27,10620,0,0,1,0,0,0,0,1,1645423408,1637895803,3485074.185,4374212.963,3448345.25,4381680,7859287.148
2020,CAN,LAO,1905.008408,5,7,9.49,13173,0,0,0,0,0,0,0,1,1645423408,18981800.71,1904.993,,1922.277,2037.613,1904.993
2020,CAN,LKA,177001.8759,5,5.5,9.55,14023,0,0,0,0,0,0,0,1,1645423408,80969683.54,176929.879,207856.884,175421.188,207856.906,384786.763
2020,CAN,MMR,39754.57496,5,6.5,9.49,13290,0,0,0,0,0,0,0,1,1645423408,78930257.23,39731.978,46804.762,39861.27,46800,86536.74
2020,CAN,MYS,576788.132,5,8,9.60,14815,0,0,0,0,0,0,0,1,1645423408,337006023.8,576038.577,720363.304,572114.375,722937.812,1296401.881
2020,CAN,NZL,284097.7171,5,12,9.54,13878,0,1,1,0,0,0,0,1,1645423408,211734532.3,283314.741,381134.274,282840.562,392681.188,664449.015
2020,CAN,PAK,498718.2075,5,5,9.37,11677,0,1,1,0,0,0,0,1,1645423408,300306331.7,498666.376,509598.891,501102.312,509571.562,1008265.267
2020,CAN,PHL,663621.379,5,8,9.49,13225,0,1,1,0,0,0,0,1,1645423408,361751116.3,660686.452,498974.506,662655.25,496918.875,1159660.958
2020,CAN,RUS,471244.2685,5,3,8.92,7504,0,0,0,0,0,0,0,1,1645423408,1488321875,470444.53,835073.267,448044.969,826572.875,1305517.797
2020,CAN,SGP,923653.5232,5,8,9.62,15010,0,1,1,0,0,0,0,1,1645423408,345295933.9,920847.735,1455154.627,918891.188,1368937,2376002.362
2020,CAN,THA,601413.4995,5,7,9.52,13646,0,0,0,0,0,0,0,1,1645423408,499681757,601241.524,736393.781,592566.25,772074.938,1337635.305
2020,CAN,USA,284355510.5,5,5,6.32,556,1,1,1,0,0,0,0,1,1645423408,20893743833,281141986,272693439.5,287075584,270381792,553835425.5
2020,CAN,VNM,550044.0547,5,7,9.54,13943,0,0,0,0,0,0,0,1,1645423408,343242570.8,549656.6,725326.206,549082.062,754991.812,1274982.806
2020,CAN,ZAF,233773.9087,5,2,9.50,13335,0,1,1,0,0,0,0,1,1645423408,335442101.4,233708.58,275398.028,233205.016,292580.219,509106.608
2020,CHL,ARE,256236.2244,4,4,9.60,14760,0,0,0,0,0,0,0,1,252727193.7,358868765.2,245627.825,242423.382,256673.047,252783.031,488051.207
2020,CHL,AUS,240498.9595,4,10,9.33,11299,0,0,0,0,0,0,0,1,252727193.7,1327836171,239005.531,386818.441,239005.547,379756.781,625823.972
2020,CHL,BRN,956.25059,4,8,9.73,16795,0,0,0,0,0,0,0,1,252727193.7,12005825.77,956.249,1498.8,956.252,1493.733,2455.049
2020,CHL,CAN,978853.0387,4,5,9.06,8590,0,0,0,0,0,0,0,1,252727193.7,1645423408,948297.579,1199254.744,948297.625,1276536.25,2147552.323
2020,CHL,CHL,,4,4,5.79,327,0,0,0,0,0,0,0,0,252727193.7,252727193.7,,,,,0
2020,CHL,CHN,28684607.82,4,8,9.84,18861,0,0,0,0,0,0,0,1,252727193.7,14687673893,28549649.58,28748511.36,28549650,28813158,57298160.94
2020,CHL,COL,582110.3232,4,5,8.35,4229,0,1,1,0,0,0,0,1,252727193.7,270299982.9,584174.077,604477.274,584174.062,604477.312,1188651.351
2020,CHL,DEU,1066495.716,4,1,9.43,12507,0,0,0,0,0,0,0,1,252727193.7,3846413929,1044446.805,1350517.322,1044446.875,914274,2394964.127
2020,CHL,FRA,1356068.929,4,1,9.36,11627,0,0,0,0,0,0,0,1,252727193.7,2630317731,1366902.767,853705.642,1365734,850865.812,2220608.409
2020,CHL,IDN,97018.49772,4,7,9.66,15606,0,0,0,0,0,0,0,1,252727193.7,1058688935,96934.252,108901.941,96934.266,108901.945,205836.193
2020,CHL,IND,762831.466,4,5.5,9.74,16927,0,0,0,0,0,0,0,1,252727193.7,2667687952,754747.3,837667.911,773534.562,853682.562,1592415.211
2020,CHL,JPN,6624256.386,4,9,9.76,17242,0,0,0,0,0,0,0,1,252727193.7,5040107754,6374052.214,6743922.198,6374051.5,6552046,13117974.41
2020,CHL,KHM,5319.660266,4,7,9.77,17538,0,0,0,0,0,0,0,1,252727193.7,25872798.01,5335.381,5241.642,5335.381,5241.646,10577.023
2020,CHL,KOR,4183229.057,4,9,9.82,18364,0,0,0,0,0,0,0,1,252727193.7,1637895803,4145249.532,3527305.776,4145244.25,3525155,7672555.308
2020,CHL,LAO,184.69612,4,7,9.81,18164,0,0,0,0,0,0,0,1,252727193.7,18981800.71,184.692,,184.696,195.778,184.692
2020,CHL,LKA,9780.42577,4,5.5,9.67,15792,0,0,0,0,0,0,0,1,252727193.7,80969683.54,9780.423,14794.729,9780.427,14794.737,24575.152
2020,CHL,MMR,579.84815,4,6.5,9.78,17743,0,0,0,0,0,0,0,1,252727193.7,78930257.23,579.844,771.599,579.848,769.999,1351.443
2020,CHL,MYS,168167.7453,4,8,9.71,16556,0,0,0,0,0,0,0,1,252727193.7,337006023.8,160460.958,110841.14,160460.969,111283.648,271302.098
2020,CHL,NZL,57086.55126,4,12,9.18,9690,0,0,0,0,0,0,0,1,252727193.7,211734532.3,57100.79,73271.762,57100.801,73190.148,130372.552
2020,CHL,PAK,17151.39035,4,5,9.67,15838,0,0,0,0,0,0,0,1,252727193.7,300306331.7,17157.008,24038.68,17157.014,24156.049,41195.688
2020,CHL,PHL,215914.1595,4,8,9.78,17615,0,0,0,0,0,0,0,1,252727193.7,361751116.3,223596.015,36682.818,223596.031,36452.246,260278.833
2020,CHL,RUS,689648.2023,4,3,9.56,14117,0,0,0,0,0,0,0,1,252727193.7,1488321875,686177.055,864362.161,686177.062,861415.188,1550539.216
2020,CHL,SGP,47805.11259,4,8,9.70,16398,0,0,0,0,0,0,0,1,252727193.7,345295933.9,47208.979,51542.909,47208.992,40708.781,98751.888
2020,CHL,THA,367925.2803,4,7,9.78,17646,0,0,0,0,0,0,0,1,252727193.7,499681757,367342.342,410950.681,367342.375,413911.781,778293.023
2020,CHL,USA,9785698.845,4,5,9.01,8220,0,0,1,0,0,0,0,1,252727193.7,20893743833,9578298.139,10816055.77,9698201,10113336,20394353.91
2020,CHL,VNM,231403.166,4,7,9.77,17475,0,0,0,0,0,0,0,1,252727193.7,343242570.8,231274.935,265330.329,231274.938,264899.156,496605.264
2020,CHL,ZAF,107464.0726,4,2,9.13,9192,0,0,0,0,0,0,0,1,252727193.7,335442101.4,111845.342,122651.04,111845.359,126449.727,234496.382
2020,CHN,ARE,32310092.21,8,4,8.77,6430,0,0,0,0,0,0,0,1,14687673893,358868765.2,32307069.33,39367768.77,32342898,39372576,71674838.1
2020,CHN,AUS,53468167.17,8,10,8.99,8024,0,0,0,0,0,0,0,1,14687673893,1327836171,53481292.9,61050570.58,53509148,62013668,114531863.5
2020,CHN,BRN,466218.267,8,8,8.00,2988,0,0,0,0,0,0,0,1,14687673893,12005825.77,466146.456,577195.943,483126.812,575304.062,1043342.399
2020,CHN,CAN,42094313.39,8,5,9.34,11441,0,0,0,0,0,0,0,1,14687673893,1645423408,42108890.72,56984380.27,42126460,60276948,99093270.99
2020,CHN,CHL,15336289.7,8,4,9.84,18861,0,0,0,0,0,0,0,1,14687673893,252727193.7,15338907.21,16458957.5,15343395,16458977,31797864.71
2020,CHN,CHN,,8,8,7.06,1163,0,0,0,0,0,0,0,0,14687673893,14687673893,,125163131.2,,,125163131.2
2020,CHN,COL,9320163.033,8,5,9.66,15713,0,0,0,0,0,0,0,1,14687673893,270299982.9,9320562,10398866.37,9322761,10398882,19719428.37
2020,CHN,DEU,86807061.05,8,1,9.04,8415,0,0,0,0,0,0,0,1,14687673893,3846413929,86822578.71,134914132.7,86997608,93717552,221736711.4
2020,CHN,FRA,37335184.95,8,1,9.14,9284,0,0,0,0,0,0,0,1,14687673893,2630317731,37342531.82,41150103.22,37272088,41111524,78492635.04
2020,CHN,IDN,40980976.64,8,7,8.40,4425,0,0,0,0,0,0,0,1,14687673893,1058688935,41004367.66,39620435.88,41060800,39634700,80624803.54
2020,CHN,IND,66719471.59,8,5.5,8.36,4252,1,0,0,0,0,0,0,1,14687673893,2667687952,66726980.54,58798824.65,66779536,58700608,125525805.2
2020,CHN,JPN,142596624.7,8,9,7.47,1763,0,0,0,0,0,0,0,1,14687673893,5040107754,142635615.8,163838391.7,142721936,163919888,306474007.5
2020,CHN,KHM,8054487.482,8,7,7.92,2763,0,0,0,0,0,0,0,1,14687673893,25872798.01,8057023.997,7098205.441,8080293,7098205.5,15155229.44
2020,CHN,KOR,112476215.9,8,9,6.77,867,0,0,0,0,0,0,0,1,14687673893,1637895803,112443105.9,108790994.1,113028968,108855272,221234100
2020,CHN,LAO,1491277.597,8,7,7.78,2402,1,0,0,0,0,0,0,1,14687673893,18981800.71,1494702.199,,1497753.125,1645221.75,1494702.199
2020,CHN,LKA,3842700.338,8,5.5,8.54,5091,0,0,0,0,0,0,0,1,14687673893,80969683.54,3842836.734,3581771.356,3845567.5,3581771.5,7424608.09
2020,CHN,MMR,12547510.39,8,6.5,8.01,3017,1,0,0,0,0,0,0,1,14687673893,78930257.23,12550827.77,6527808.253,12560565,6527870,19078636.02
2020,CHN,MYS,56300820.69,8,8,8.23,3737,0,1,1,0,0,0,0,1,14687673893,337006023.8,56422172.2,40808661.99,56930192,40924060,97230834.19
2020,CHN,NZL,6052987.515,8,12,9.14,9361,0,0,0,0,0,0,0,1,14687673893,211734532.3,6055976.745,8368419.759,6070408.5,8394039,14424396.5
2020,CHN,PAK,15357592.99,8,5,8.58,5339,1,0,0,0,0,0,0,1,14687673893,300306331.7,15366711.07,12486525.38,15380701,12477182,27853236.45
2020,CHN,PHL,41880388.82,8,8,7.52,1841,0,0,0,0,0,0,0,1,14687673893,361751116.3,41828221.73,20954800.64,42003520,20396850,62783022.37
2020,CHN,RUS,50504392.05,8,3,8.83,6831,1,0,0,0,0,0,0,1,14687673893,1488321875,50584508.37,54913416.56,50608368,54908220,105497924.9
2020,CHN,SGP,57624786.43,8,8,8.24,3797,0,1,1,0,0,0,0,1,14687673893,345295933.9,57350139.26,46925317.19,58021968,37802132,104275456.5
2020,CHN,THA,50513175.95,8,7,7.97,2887,0,0,0,0,0,0,0,1,14687673893,499681757,50500655.01,49824166.91,50616960,50159556,100324821.9
2020,CHN,USA,452492876.3,8,5,9.38,11883,0,0,0,0,0,0,0,1,14687673893,20893743833,452575960.6,457163343.8,452832224,435449024,909739304.4
2020,CHN,VNM,113815239.4,8,7,7.91,2732,1,0,0,0,0,0,0,1,14687673893,343242570.8,113810457.7,84192639.97,114157128,84374272,198003097.7
2020,CHN,ZAF,15238825.62,8,2,9.37,11775,0,0,0,0,0,0,0,1,14687673893,335442101.4,15243393.52,14309266.57,15259950,15132418,29552660.09
2020,COL,ARE,189584.151,5,4,9.52,13639,0,0,0,0,0,0,0,1,270299982.9,358868765.2,24189.58,31376.621,189584.141,229469.047,55566.201
2020,COL,AUS,145446.2407,5,10,9.59,14616,0,0,0,0,0,0,0,1,270299982.9,1327836171,61648.118,84023.949,145446.234,82368.062,145672.067
2020,COL,BRN,19.69407,5,8,9.83,18562,0,0,0,0,0,0,0,1,270299982.9,12005825.77,19.693,108243.68,19.695,40527.594,108263.373
2020,COL,CAN,414686.1413,5,5,8.38,4362,0,0,0,0,0,0,0,1,270299982.9,1645423408,414686.124,632824.216,414686.156,671191.875,1047510.34
2020,COL,CHL,774266.1355,5,4,8.35,4229,0,1,1,0,0,0,0,1,270299982.9,252727193.7,774266.113,1105073.106,774266.125,1105074.25,1879339.219
2020,COL,CHN,2750825.326,5,8,9.66,15713,0,0,0,0,0,0,0,1,270299982.9,14687673893,2750002.951,4297679.455,2750826.75,4305125.5,7047682.406
2020,COL,COL,,5,5,6.00,402,0,0,0,0,0,0,0,0,270299982.9,270299982.9,,,,,0
2020,COL,DEU,496558.9115,5,1,9.15,9434,0,0,0,0,0,0,0,1,270299982.9,3846413929,495634.36,814144.615,496558.906,485988.594,1309778.975
2020,COL,FRA,143283.8975,5,1,9.06,8632,0,0,0,0,0,0,0,1,270299982.9,2630317731,141362.706,259727.331,188199.25,262094.938,401090.037
2020,COL,IDN,8041.62513,5,7,9.89,19806,0,0,0,0,0,0,0,1,270299982.9,1058688935,8041.612,8779.217,8041.625,8779.217,16820.829
2020,COL,IND,795165.4267,5,5.5,9.63,15221,0,0,0,0,0,0,0,1,270299982.9,2667687952,769962.465,780898.384,795165.438,1153013.5,1550860.849
2020,COL,JPN,402401.0976,5,9,9.57,14330,0,0,0,0,0,0,0,1,270299982.9,5040107754,402401.085,465401.843,402401.094,466429.125,867802.928
2020,COL,KHM,123.0633,5,7,9.81,18212,0,0,0,0,0,0,0,1,270299982.9,25872798.01,123.063,201.973,123.064,201.976,325.036
2020,COL,KOR,571987.9342,5,9,9.61,14855,0,0,0,0,0,0,0,1,270299982.9,1637895803,571987.918,683298.984,571987.938,684256,1255286.902
2020,COL,LAO,6.68,5,7,9.77,17481,0,0,0,0,0,0,0,1,270299982.9,18981800.71,6.68,,6.68,7.081,6.68
2020,COL,LKA,141.36954,5,5.5,9.73,16867,0,0,0,0,0,0,0,1,270299982.9,80969683.54,141.369,314.92,141.37,314.926,456.289
2020,COL,MMR,1830.72004,5,6.5,9.76,17409,0,0,0,0,0,0,0,1,270299982.9,78930257.23,1830.719,5.371,1830.72,,1836.09
2020,COL,MYS,58220.73,5,8,9.85,19033,0,0,0,0,0,0,0,1,270299982.9,337006023.8,58220.716,116726.221,58220.727,116727.18,174946.937
2020,COL,NZL,15357.62349,5,12,9.41,12197,0,0,0,0,0,0,0,1,270299982.9,211734532.3,15357.617,20508.498,15357.624,20553.277,35866.115
2020,COL,PAK,1223.57805,5,5,9.60,14703,0,0,0,0,0,0,0,1,270299982.9,300306331.7,1223.573,1389.589,1223.578,1394.323,2613.162
2020,COL,PHL,7354.95301,5,8,9.76,17318,0,0,0,0,0,0,0,1,270299982.9,361751116.3,7354.943,7767.775,7354.954,7267.511,15122.718
2020,COL,RUS,102277.773,5,3,9.30,10915,0,0,0,0,0,0,0,1,270299982.9,1488321875,102277.761,123626.846,102277.773,123590.781,225904.607
2020,COL,SGP,18284.35469,5,8,9.87,19316,0,0,0,0,0,0,0,1,270299982.9,345295933.9,18284.344,133738.047,18284.355,124728.023,152022.391
2020,COL,THA,36876.9458,5,7,9.79,17893,0,0,0,0,0,0,0,1,270299982.9,499681757,36876.936,46391.467,36876.945,57355.219,83268.403
2020,COL,USA,9464550.454,5,5,8.29,3999,0,0,1,0,0,0,0,1,270299982.9,20893743833,8311841.052,9923403.988,9464790,10776594,18235245.04
2020,COL,VNM,18316.70854,5,7,9.81,18303,0,0,0,0,0,0,0,1,270299982.9,343242570.8,18316.696,16071.32,18316.711,,34388.016
2020,COL,ZAF,5038.43107,5,2,9.35,11451,0,0,0,0,0,0,0,1,270299982.9,335442101.4,5038.422,6810.621,5038.431,7170.346,11849.043
2020,DEU,ARE,7951935.19,1,4,8.44,4624,0,0,0,0,0,0,0,1,3846413929,358868765.2,7902252.921,8557361.025,7910013.5,8619730,16459613.95
2020,DEU,AUS,9797934.315,1,10,9.68,15965,0,0,0,0,0,0,0,1,3846413929,1327836171,9793657.192,9818785.805,9716770,9957261,19612443
2020,DEU,BRN,72545.78122,1,8,9.24,10351,0,0,0,0,0,0,0,1,3846413929,12005825.77,72545.764,143653.463,74619.117,142877.297,216199.227
2020,DEU,CAN,10761951.67,1,5,8.78,6493,0,0,0,0,0,0,0,1,3846413929,1645423408,10636969.09,12866857.91,10662966,13606582,23503827
2020,DEU,CHL,2180483.057,1,4,9.43,12507,0,0,0,0,0,0,0,1,3846413929,252727193.7,2180483.031,2298953.319,2152209,2298955,4479436.35
2020,DEU,CHN,110372411.3,1,8,9.04,8415,0,0,0,0,0,0,0,1,3846413929,14687673893,110371209.2,104992756,110381264,105282288,215363965.2
2020,DEU,COL,1516886.19,1,5,9.15,9434,0,0,0,0,0,0,0,1,3846413929,270299982.9,1516886.166,1643886.767,1505007.5,1643890.75,3160772.933
2020,DEU,DEU,,1,1,5.42,225,0,0,0,0,0,0,0,0,3846413929,3846413929,,,,,0
2020,DEU,FRA,103733108.6,1,1,6.78,881,1,0,0,0,0,0,0,1,3846413929,2630317731,103341184.3,100814667.3,103870440,101435168,204155851.6
2020,DEU,IDN,2427922.606,1,7,9.29,10785,0,0,0,0,0,0,0,1,3846413929,1058688935,2426836.906,3022843.365,2387476.75,3023873.25,5449680.271
2020,DEU,IND,12262972.85,1,5.5,8.66,5786,0,0,0,0,0,0,0,1,3846413929,2667687952,12259570.94,9681233.106,12234020,9675853,21940804.05
2020,DEU,JPN,20003683.35,1,9,9.10,8938,0,0,0,0,0,0,0,1,3846413929,5040107754,20003087.27,21224174.33,20154376,21209498,41227261.6
2020,DEU,KHM,170793.7579,1,7,9.12,9098,0,0,0,0,0,0,0,1,3846413929,25872798.01,170793.733,107582.646,168780.281,107582.664,278376.379
2020,DEU,KOR,20387915.14,1,9,9.01,8147,0,0,0,0,0,0,0,1,3846413929,1637895803,20386955.47,20654999.59,20708450,20655724,41041955.06
2020,DEU,LAO,57675.02123,1,7,9.03,8389,0,0,0,0,0,0,0,1,3846413929,18981800.71,57675.001,,57528.949,60980.68,57675.001
2020,DEU,LKA,269197.2909,1,5.5,8.96,7815,0,0,0,0,0,0,0,1,3846413929,80969683.54,269197.271,316345.887,265415.312,316367.094,585543.158
2020,DEU,MMR,160488.7033,1,6.5,8.99,8055,0,0,0,0,0,0,0,1,3846413929,78930257.23,160488.68,162866.535,160664.375,162870,323355.215
2020,DEU,MYS,5341827.505,1,8,9.17,9616,0,0,0,0,0,0,0,1,3846413929,337006023.8,5309437.315,5495300.282,5291310.5,5537732,10804737.6
2020,DEU,NZL,1367353.181,1,12,9.78,17742,0,0,0,0,0,0,0,1,3846413929,211734532.3,1367243.32,1760282.002,1377868,1777883.375,3127525.322
2020,DEU,PAK,1215720.157,1,5,8.60,5412,0,0,0,0,0,0,0,1,3846413929,300306331.7,1215718.922,855942.861,1210366.75,855597.125,2071661.783
2020,DEU,PHL,2224910.036,1,8,9.20,9877,0,0,0,0,0,0,0,1,3846413929,361751116.3,2224592.509,1952402.819,2192138.75,1955665.125,4176995.328
2020,DEU,RUS,26996411.99,1,3,7.39,1614,0,0,0,0,0,0,0,1,3846413929,1488321875,26996228.08,23382384.75,26483008,23417670,50378612.83
2020,DEU,SGP,7103221.162,1,8,9.20,9925,0,0,0,0,0,0,0,1,3846413929,345295933.9,7096244.217,8788017.86,6950301,6964836,15884262.08
2020,DEU,THA,4825187.627,1,7,9.06,8615,0,0,0,0,0,0,0,1,3846413929,499681757,4781372.452,5167586.067,4763652,5242772,9948958.519
2020,DEU,USA,119199210,1,5,8.76,6402,0,0,0,0,0,0,0,1,3846413929,20893743833,118979056.5,117236603.3,118973528,115120056,236215659.8
2020,DEU,VNM,3406054.815,1,7,9.14,9287,0,0,0,0,0,0,0,1,3846413929,343242570.8,3406030.487,3355378.062,3402817.5,3361828.75,6761408.549
2020,DEU,ZAF,7644867.314,1,2,9.09,8837,0,0,0,0,0,0,0,1,3846413929,335442101.4,7644568.654,6293658.872,7494648.5,6664848.5,13938227.53
2020,FRA,ARE,3572577.407,1,4,8.57,5251,0,0,0,0,0,0,0,1,2630317731,358868765.2,3571584.135,4696859.091,3744308,4762321.5,8268443.226
2020,FRA,AUS,3039647.828,1,10,9.73,16788,0,0,0,0,0,0,0,1,2630317731,1327836171,3039598.399,4185420.803,3152228.75,4257317.5,7225019.202
2020,FRA,BRN,9274.658837,1,8,9.33,11215,0,0,0,0,0,0,0,1,2630317731,12005825.77,9274.645,24096.62,9382.65,23601.633,33371.265
2020,FRA,CAN,3546224.386,1,5,8.70,6017,0,1,1,0,0,0,0,1,2630317731,1645423408,3546184.246,4829737.705,3581214.25,5104526,8375921.951
2020,FRA,CHL,876991.8977,1,4,9.36,11627,0,0,0,0,0,0,0,1,2630317731,252727193.7,876991.872,882853.95,871369.25,882786.75,1759845.822
2020,FRA,CHN,19959958.58,1,8,9.14,9284,0,0,0,0,0,0,0,1,2630317731,14687673893,19958081.74,29705256.54,20137184,30215848,49663338.28
2020,FRA,COL,527855.7078,1,5,9.06,8632,0,0,0,0,0,0,0,1,2630317731,270299982.9,527855.679,958542.902,531386.188,958542.938,1486398.581
2020,FRA,DEU,69891044.73,1,1,6.78,881,1,0,0,0,0,0,0,1,2630317731,3846413929,69762078.21,64035473.18,71072536,67834448,133797551.4
2020,FRA,FRA,,1,1,5.63,279,0,0,0,0,0,0,0,0,2630317731,2630317731,,,,,0
2020,FRA,IDN,1158800.692,1,7,9.36,11587,0,0,0,0,0,0,0,1,2630317731,1058688935,1158800.666,1360064.76,1162371,1360064.75,2518865.426
2020,FRA,IND,4825240.446,1,5.5,8.79,6596,0,0,0,0,0,0,0,1,2630317731,2667687952,4825235.519,2996241.236,6562107,2991961,7821476.755
2020,FRA,JPN,6492751.225,1,9,9.18,9736,0,0,0,0,0,0,0,1,2630317731,5040107754,6490356.477,9237977.814,6528811,9255484,15728334.29
2020,FRA,KHM,129134.4255,1,7,9.21,9950,0,0,0,0,1,0,0,1,2630317731,25872798.01,129134.401,104368.339,131654.5,104368.359,233502.74
2020,FRA,KOR,5475912.076,1,9,9.10,8989,0,0,0,0,0,0,0,1,2630317731,1637895803,5475906.101,5886825.369,5510787,5898411,11362731.47
2020,FRA,LAO,10929.67798,1,7,9.13,9249,0,0,0,0,1,0,0,1,2630317731,18981800.71,10929.658,,11110.591,11777.227,10929.658
2020,FRA,LKA,70522.83426,1,5.5,9.05,8517,0,0,0,0,0,0,0,1,2630317731,80969683.54,70522.812,116470.557,70595.586,116470.586,186993.369
2020,FRA,MMR,62901.01145,1,6.5,9.09,8893,0,0,0,0,0,0,0,1,2630317731,78930257.23,62900.988,110451.166,63180.324,109770,173352.154
2020,FRA,MYS,864559.0735,1,8,9.25,10430,0,0,0,0,0,0,0,1,2630317731,337006023.8,864550.277,1492038.47,895734.938,1495256.25,2356588.747
2020,FRA,NZL,418013.6323,1,12,9.83,18540,0,0,0,0,0,0,0,1,2630317731,211734532.3,418012.269,611860.014,426244.938,613402.688,1029872.283
2020,FRA,PAK,355115.4676,1,5,8.72,6138,0,0,0,0,0,0,0,1,2630317731,300306331.7,355115.442,356045.642,421082.969,357057.656,711161.084
2020,FRA,PHL,561226.2019,1,8,9.28,10758,0,0,0,0,0,0,0,1,2630317731,361751116.3,561226.175,599673.872,571008.312,613624.375,1160900.047
2020,FRA,RUS,5889414.014,1,3,7.82,2494,0,0,0,0,0,0,0,1,2630317731,1488321875,5889413.987,8083802.986,5893652.5,8093533.5,13973216.97
2020,FRA,SGP,7995914.982,1,8,9.28,10742,0,0,0,0,0,0,0,1,2630317731,345295933.9,7995845.822,10217940.72,8062630.5,8343853,18213786.54
2020,FRA,THA,1214907.393,1,7,9.15,9459,0,0,0,0,0,0,0,1,2630317731,499681757,1212805.2,2253863.421,1228986.375,2259698.75,3466668.621
2020,FRA,USA,37082572.68,1,5,8.67,5852,0,0,0,0,0,0,0,1,2630317731,20893743833,37064903.24,43852700.04,37401932,43046756,80917603.28
2020,FRA,VNM,1100623.852,1,7,9.22,10142,0,0,0,0,1,0,0,1,2630317731,343242570.8,1095855.61,1499222.635,1102863.625,1500555.25,2595078.245
2020,FRA,ZAF,1511052.694,1,2,9.07,8697,0,0,0,0,0,0,0,1,2630317731,335442101.4,1510937.513,1578749.414,1519996.375,1677079.5,3089686.927
2020,IDN,ARE,1243961.865,7,4,8.79,6572,0,0,0,0,0,0,0,1,1058688935,358868765.2,1243271.304,1538958.359,1243271.25,1538958.375,2782229.663
2020,IDN,AUS,2505717.329,7,10,8.56,5202,0,0,0,0,0,0,0,1,1058688935,1327836171,2204764.184,3052005.506,2506356.25,3440175.5,5256769.69
2020,IDN,BRN,128962.0665,7,8,7.33,1527,0,0,1,0,0,1,0,1,1058688935,12005825.77,128975.387,155793.259,128975.406,155316.484,284768.646
2020,IDN,CAN,789116.3933,7,5,9.67,15806,0,0,0,0,0,0,0,1,1058688935,1645423408,789050,1203855.314,789050.062,1274451.375,1992905.314
2020,IDN,CHL,144761.6163,7,4,9.66,15606,0,0,0,0,0,0,0,1,1058688935,252727193.7,144763.77,162181.259,144763.797,162181.312,306945.029
2020,IDN,CHN,31781825.99,7,8,8.40,4425,0,0,0,0,0,0,0,1,1058688935,14687673893,31775671.01,37367780.01,31775692,37427572,69143451.02
2020,IDN,COL,125363.3767,7,5,9.89,19806,0,0,0,0,0,0,0,1,1058688935,270299982.9,125365.962,183801.344,125365.977,183801.375,309167.306
2020,IDN,DEU,2456304.737,7,1,9.29,10785,0,0,0,0,0,0,0,1,1058688935,3846413929,2456985.598,4033589.522,2456985.5,2663849.75,6490575.12
2020,IDN,FRA,945132.0587,7,1,9.36,11587,0,0,0,0,0,0,0,1,1058688935,2630317731,945123.311,1153521.939,945123.312,1148471.25,2098645.25
2020,IDN,IDN,,7,7,6.25,520,0,0,0,0,0,1,0,0,1058688935,1058688935,,,,,0
2020,IDN,IND,10394496.58,7,5.5,8.52,4999,0,0,0,0,0,0,1,1,1058688935,2667687952,10413998.89,12020794.51,10413999,12006682,22434793.4
2020,IDN,JPN,13664728.61,7,9,8.66,5772,0,0,0,0,0,0,0,1,1058688935,5040107754,13658990.82,15471962.02,13662871,14487890,29130952.84
2020,IDN,KHM,541303.9413,7,7,7.59,1977,0,0,0,0,0,1,0,1,1058688935,25872798.01,541302.029,665140.041,541302.062,665140.062,1206442.07
2020,IDN,KOR,6507557.507,7,9,8.57,5278,0,0,0,0,0,0,0,1,1058688935,1637895803,6506500.86,7573044.132,6506501,7584780,14079544.99
2020,IDN,LAO,5095.718697,7,7,7.91,2715,0,0,0,0,0,1,0,1,1058688935,18981800.71,5095.71,,5095.719,5401.461,5095.71
2020,IDN,LKA,265965.4945,7,5.5,8.11,3332,0,0,0,0,0,0,0,1,1058688935,80969683.54,265928.41,330332.345,265928.438,330332.375,596260.755
2020,IDN,MMR,1031871.858,7,6.5,7.94,2804,0,0,0,0,0,1,0,1,1058688935,78930257.23,1031954.538,1071837.65,1031954.562,1071840,2103792.188
2020,IDN,MYS,8098764.365,7,8,7.07,1182,1,0,1,0,0,1,0,1,1058688935,337006023.8,8130626.875,8729876.552,8130627,8800141,16860503.43
2020,IDN,NZL,479999.2905,7,12,8.94,7639,0,0,0,0,0,0,0,1,1058688935,211734532.3,480010.485,658186.173,480010.5,656547.312,1138196.658
2020,IDN,PAK,2386132.882,7,5,8.61,5513,0,0,0,0,0,0,0,1,1058688935,300306331.7,2386518.878,2405304.757,2386518.75,2405585,4791823.635
2020,IDN,PHL,5900740.89,7,8,7.93,2782,0,0,0,0,0,1,0,1,1058688935,361751116.3,5898710.287,5863570.163,5898710.5,5897377.5,11762280.45
2020,IDN,RUS,973536.732,7,3,9.14,9302,0,0,0,0,0,0,0,1,1058688935,1488321875,973823.933,1788164.184,973823.938,1787087.375,2761988.117
2020,IDN,SGP,10661853.77,7,8,6.80,894,0,0,1,0,0,1,0,1,1058688935,345295933.9,7929527.041,11031031.52,10712314,10920825,18960558.56
2020,IDN,THA,5110298.772,7,7,7.75,2312,0,0,0,0,0,1,0,1,1058688935,499681757,5087975.772,5825927.315,5112861.5,5814921,10913903.09
2020,IDN,USA,18668906.21,7,5,9.69,16181,0,0,0,0,0,0,0,1,1058688935,20893743833,18666860.23,21287064.43,18666862,20231542,39953924.66
2020,IDN,VNM,4941357.771,7,7,7.54,1876,0,0,0,0,0,1,0,1,1058688935,343242570.8,4941001.869,5388244.358,4941001.5,5433140.5,10329246.23
2020,IDN,ZAF,572221.2571,7,2,9.06,8596,0,0,0,0,0,0,0,1,1058688935,335442101.4,572198.133,628849.453,572198.125,664988.75,1201047.586
2020,IND,ARE,17953335.41,5.5,4,7.70,2204,0,0,0,1,0,0,0,1,2667687952,358868765.2,17952448.84,16227036.34,18074156,16469263,34179485.18
2020,IND,AUS,3471126.903,5.5,10,9.23,10192,0,1,1,0,0,0,0,1,2667687952,1327836171,3471126.578,3893807.928,3465591.25,3981258.75,7364934.506
2020,IND,BRN,60050.92619,5.5,8,8.47,4767,0,0,0,1,0,0,1,1,2667687952,12005825.77,60050.905,75147.559,60171.703,75130.703,135198.464
2020,IND,CAN,2812148.026,5.5,5,9.36,11646,0,1,1,0,0,0,0,1,2667687952,1645423408,2812099.046,3704930.363,2811397.75,3931464.75,6517029.409
2020,IND,CHL,738078.2086,5.5,4,9.74,16927,0,0,0,0,0,0,0,1,2667687952,252727193.7,738078.187,718358.436,738460.125,718358.438,1456436.623
2020,IND,CHN,19008266.74,5.5,8,8.36,4252,1,0,0,0,0,0,0,1,2667687952,14687673893,19008266.72,20857327.79,18921630,20872952,39865594.51
2020,IND,COL,830307.7556,5.5,5,9.63,15221,0,0,0,0,0,0,0,1,2667687952,270299982.9,830307.728,936965.322,832876.812,936990.375,1767273.05
2020,IND,DEU,7656984.753,5.5,1,8.66,5786,0,0,0,0,0,0,0,1,2667687952,3846413929,7656244.907,10326220.75,7657326,8030097,17982465.66
2020,IND,FRA,4363547.823,5.5,1,8.79,6596,0,0,0,0,0,0,0,1,2667687952,2630317731,4363547.797,4454676.956,4367934.5,4435198.5,8818224.753
2020,IND,IDN,4363741.9,5.5,7,8.52,4999,0,0,0,0,0,0,1,1,2667687952,1058688935,4363741.876,3764304.622,4366511,3764304.75,8128046.498
2020,IND,IND,,5.5,5.5,6.53,682,0,0,0,0,0,0,0,0,2667687952,2667687952,,,,,0
2020,IND,JPN,4043285.123,5.5,9,8.67,5846,0,0,0,0,0,0,0,1,2667687952,5040107754,4039083.643,4726673.862,4040421.75,4718271,8765757.505
2020,IND,KHM,144042.578,5.5,7,8.14,3445,0,0,0,0,0,0,1,1,2667687952,25872798.01,144042.555,129405.854,144646.266,129405.875,273448.409
2020,IND,KOR,4516495.886,5.5,9,8.45,4692,0,0,1,0,0,0,0,1,2667687952,1637895803,4516495.864,4899578.452,4515452.5,4904058,9416074.316
2020,IND,LAO,27873.50259,5.5,7,7.95,2845,0,0,0,0,0,0,1,1,2667687952,18981800.71,27873.485,,27736.787,29400.996,27873.485
2020,IND,LKA,3224131.509,5.5,5.5,7.79,2422,0,0,0,1,0,0,0,1,2667687952,80969683.54,3224131.482,3006130.55,3225098.75,3006130.75,6230262.032
2020,IND,MMR,837624.3656,5.5,6.5,7.76,2342,1,0,0,1,0,0,1,1,2667687952,78930257.23,837624.339,682088.293,836632.438,682080,1519712.632
2020,IND,MYS,6194006.085,5.5,8,8.25,3834,0,0,0,1,0,0,1,1,2667687952,337006023.8,6193930.878,5935167.988,6183950.5,5943552.5,12129098.87
2020,IND,NZL,439100.806,5.5,12,9.43,12484,0,1,1,0,0,0,0,1,2667687952,211734532.3,439100.783,483490.441,438314.531,485375.594,922591.224
2020,IND,PAK,,5.5,5,6.99,1090,1,1,1,1,0,0,0,1,2667687952,300306331.7,282383.542,242680.585,282822.75,242928.641,525064.127
2020,IND,PHL,1416026.273,5.5,8,8.47,4760,0,1,1,0,0,0,1,1,2667687952,361751116.3,1416026.247,1596197.132,1415452.875,1540545.625,3012223.379
2020,IND,RUS,2559257.769,5.5,3,8.38,4341,0,0,0,0,0,0,0,1,2667687952,1488321875,2559257.743,3457947.114,2559928.25,3458094,6017204.857
2020,IND,SGP,8295020.166,5.5,8,8.33,4145,0,1,1,1,0,0,1,1,2667687952,345295933.9,8294759.559,5173685.806,8274400.5,4123871.5,13468445.37
2020,IND,THA,3777064.296,5.5,7,7.98,2922,0,0,0,0,0,0,1,1,2667687952,499681757,3777064.269,4287754.619,3779160.5,4309520,8064818.888
2020,IND,USA,49320596.19,5.5,5,9.37,11771,0,1,1,0,0,0,0,1,2667687952,20893743833,49320538.65,53567213.51,49339620,51189684,102887752.2
2020,IND,VNM,4500548.684,5.5,7,8.20,3652,0,0,0,0,0,0,1,1,2667687952,343242570.8,4500548.658,4482095.764,4488554,4488139.5,8982644.422
2020,IND,ZAF,,5.5,2,8.99,8029,0,1,1,0,0,0,0,1,2667687952,335442101.4,3498285.74,3581865.035,3498900,3811127.5,7080150.775
2020,JPN,ARE,5562027.732,9,4,8.98,7940,0,0,0,0,0,0,0,1,5040107754,358868765.2,5562027.705,9456433.307,5549945.5,9456439,15018461.01
2020,JPN,AUS,12145367.1,9,10,9.01,8156,0,0,0,0,0,0,0,1,5040107754,1327836171,11995087.09,12559882.06,12131715,12888663,24554969.15
2020,JPN,BRN,103432.7483,9,8,8.35,4246,0,0,0,0,0,0,0,1,5040107754,12005825.77,103432.734,168836.516,103157.117,167983.281,272269.25
2020,JPN,CAN,7244489.421,9,5,9.25,10367,0,0,0,0,0,0,0,1,5040107754,1645423408,6964391.777,9804783.59,7224284.5,10720023,16769175.37
2020,JPN,CHL,1012513.585,9,4,9.76,17242,0,0,0,0,0,0,0,1,5040107754,252727193.7,1012513.564,1234886.683,1009287.938,1234887.5,2247400.247
2020,JPN,CHN,141399199.9,9,8,7.47,1763,0,0,0,0,0,0,0,1,5040107754,14687673893,141320162.1,174579649.5,140543936,176089024,315899811.6
2020,JPN,COL,803568.6131,9,5,9.57,14330,0,0,0,0,0,0,0,1,5040107754,270299982.9,803568.596,879123.691,799816.562,879123.688,1682692.287
2020,JPN,DEU,17581160.8,9,1,9.10,8938,0,0,0,0,0,0,0,1,5040107754,3846413929,17578011.16,24465831.09,17402404,17658168,42043842.25
2020,JPN,FRA,5665719.776,9,1,9.18,9736,0,0,0,0,0,0,0,1,5040107754,2630317731,5665231.265,5643992.853,5639124,5630270,11309224.12
2020,JPN,IDN,9196488.391,9,7,8.66,5772,0,0,0,0,0,0,0,1,5040107754,1058688935,9178058.101,10509448.87,9166446,10672054,19687506.97
2020,JPN,IND,9103150.297,9,5.5,8.67,5846,0,0,0,0,0,0,0,1,5040107754,2667687952,9102849.075,10181974.39,9080743,10192710,19284823.47
2020,JPN,JPN,,9,9,5.44,231,0,0,0,0,0,0,0,0,5040107754,5040107754,,,,,0
2020,JPN,KHM,485431.4286,9,7,8.39,4402,0,0,0,0,0,0,0,1,5040107754,25872798.01,485431.405,651975.141,484802.812,651975.188,1137406.546
2020,JPN,KOR,44688451.49,9,9,7.05,1155,0,0,0,0,1,0,0,1,5040107754,1637895803,44414026.37,45719021.63,44391996,46023256,90133048
2020,JPN,LAO,147477.3556,9,7,8.33,4142,0,0,0,0,0,0,0,1,5040107754,18981800.71,147477.337,,147364.797,156206.688,147477.337
2020,JPN,LKA,370487.2426,9,5.5,8.83,6853,0,0,0,0,0,0,0,1,5040107754,80969683.54,370487.221,529204.528,367581.312,529206.125,899691.749
2020,JPN,MMR,603992.1322,9,6.5,8.47,4776,0,0,0,0,0,0,0,1,5040107754,78930257.23,603992.109,551771.653,601721.5,551780.062,1155763.762
2020,JPN,MYS,12595549.66,9,8,8.58,5315,0,0,0,0,0,0,0,1,5040107754,337006023.8,12275340.75,14371671.8,12556359,14589214,26647012.55
2020,JPN,NZL,1843047.696,9,12,9.08,8813,0,0,0,0,0,0,0,1,5040107754,211734532.3,1835591.221,2096671.013,1843914.375,2115136,3932262.234
2020,JPN,PAK,1165637.225,9,5,8.84,6933,0,0,0,0,0,0,0,1,5040107754,300306331.7,1165637.205,1137476.9,1166543.75,1139281.625,2303114.105
2020,JPN,PHL,8809158.178,9,8,8.00,2990,0,0,0,0,0,0,0,1,5040107754,361751116.3,8784778.386,8689257.55,8781446,8589499,17474035.94
2020,JPN,RUS,5886023.385,9,3,8.92,7497,0,0,0,0,0,0,0,1,5040107754,1488321875,5886023.361,7110886.483,5854993,7113756.5,12996909.84
2020,JPN,SGP,17697050.72,9,8,8.58,5310,0,0,0,0,0,0,0,1,5040107754,345295933.9,16122876.67,16241561.08,17632954,14386398,32364437.75
2020,JPN,THA,25525306.35,9,7,8.43,4604,0,0,0,0,0,0,0,1,5040107754,499681757,25445860.99,27602349.11,25418078,27824028,53048210.1
2020,JPN,USA,118793185.9,9,5,9.29,10872,0,0,0,0,0,0,0,1,5040107754,20893743833,118649594.2,122429388.1,118292528,119511960,241078982.3
2020,JPN,VNM,17117840.59,9,7,8.37,4327,0,0,0,0,0,0,0,1,5040107754,343242570.8,17105675.8,20260338.54,17034602,20344912,37366014.34
2020,JPN,ZAF,1671185.977,9,2,9.51,13538,0,0,0,0,0,0,0,1,5040107754,335442101.4,1671185.957,1915930.723,1664773.875,2029870.125,3587116.68
2020,KHM,ARE,44075.14628,7,4,8.60,5423,0,0,0,0,0,0,0,1,25872798.01,358868765.2,44075.141,160462.385,44075.148,160462.406,204537.526
2020,KHM,AUS,134345.9337,7,10,8.84,6877,0,0,0,0,0,0,0,1,25872798.01,1327836171,134345.925,183711.061,134345.938,227441.359,318056.986
2020,KHM,BRN,12334.14,7,8,7.19,1325,0,0,0,0,0,1,0,1,25872798.01,12005825.77,12334.14,14682.122,12334.14,14637.491,27016.262
2020,KHM,CAN,750665.677,7,5,9.54,13869,0,0,0,0,0,0,0,1,25872798.01,1645423408,750665.669,1127457.166,750665.688,1194698.125,1878122.835
2020,KHM,CHL,20520.51754,7,4,9.77,17538,0,0,0,0,0,0,0,1,25872798.01,252727193.7,20520.514,28124.777,20520.516,28124.785,48645.291
2020,KHM,CHN,1089123.545,7,8,7.92,2763,0,0,0,0,0,0,0,1,25872798.01,14687673893,1089123.527,1497997.859,1089123.625,1498260.5,2587121.386
2020,KHM,COL,9410.94059,7,5,9.81,18212,0,0,0,0,0,0,0,1,25872798.01,270299982.9,9410.938,22296.461,9410.94,22296.473,31707.399
2020,KHM,DEU,971131.0444,7,1,9.12,9098,0,0,0,0,0,0,0,1,25872798.01,3846413929,971131.034,1781766.324,971131.062,1015718.812,2752897.358
2020,KHM,FRA,357643.088,7,1,9.21,9950,0,0,0,0,1,0,0,1,25872798.01,2630317731,357643.075,520018.208,357643.062,518891.75,877661.283
2020,KHM,IDN,34429.02447,7,7,7.59,1977,0,0,0,0,0,1,0,1,25872798.01,1058688935,34429.014,47355.643,34429.023,47355.645,81784.657
2020,KHM,IND,62237.87975,7,5.5,8.14,3445,0,0,0,0,0,0,1,1,25872798.01,2667687952,62237.873,38186.448,62237.879,38126.145,100424.321
2020,KHM,JPN,1062352.034,7,9,8.39,4402,0,0,0,0,0,0,0,1,25872798.01,5040107754,1062352.021,1621261.611,1062352.125,1615021.75,2683613.632
2020,KHM,KHM,,7,7,5.08,160,0,0,0,0,0,1,0,0,25872798.01,25872798.01,,,,,0
2020,KHM,KOR,185310.9284,7,9,8.20,3625,0,0,0,0,0,0,0,1,25872798.01,1637895803,185310.914,317733.424,185310.922,318121,503044.338
2020,KHM,LAO,1367.89585,7,7,6.62,751,1,0,0,1,0,1,0,1,25872798.01,18981800.71,1367.894,,1367.896,1449.969,1367.894
2020,KHM,LKA,4644.80539,7,5.5,7.94,2800,0,0,0,0,0,0,0,1,25872798.01,80969683.54,4644.8,2029.922,4644.805,2029.935,6674.722
2020,KHM,MMR,3267.54417,7,6.5,7.01,1109,0,0,0,0,0,1,0,1,25872798.01,78930257.23,3267.539,2679.485,3267.543,2680.001,5947.024
2020,KHM,MYS,99126.92802,7,8,6.90,997,0,0,0,0,0,1,0,1,25872798.01,337006023.8,99126.918,113913.97,99126.93,113918.258,213040.888
2020,KHM,NZL,13409.13318,7,12,9.11,9044,0,0,0,0,0,0,0,1,25872798.01,211734532.3,13409.128,24178.177,13409.134,24140.988,37587.305
2020,KHM,PAK,2434.82919,7,5,8.35,4247,0,0,0,0,0,0,0,1,25872798.01,300306331.7,2434.828,1530.672,2434.829,1505.294,3965.5
2020,KHM,PHL,34196.04346,7,8,7.48,1774,0,0,0,0,0,1,0,1,25872798.01,361751116.3,34196.037,28649.648,34196.043,29965.15,62845.685
2020,KHM,RUS,50661.96875,7,3,8.93,7536,0,0,0,0,0,0,0,1,25872798.01,1488321875,50661.963,190584.163,50661.969,190541.594,241246.126
2020,KHM,SGP,2622629.289,7,8,7.04,1142,0,0,0,0,0,1,0,1,25872798.01,345295933.9,210534.657,217429.986,2622629.5,1932289.5,427964.643
2020,KHM,THA,653488.6862,7,7,6.28,533,1,0,0,0,0,1,0,1,25872798.01,499681757,311124.824,803081.137,653488.688,1141238.375,1114205.961
2020,KHM,USA,5333169.719,7,5,9.56,14215,0,0,0,0,0,0,0,1,25872798.01,20893743833,5333169.706,6883532.026,5333169.5,6577708,12216701.73
2020,KHM,VNM,387436.0635,7,7,5.35,211,1,0,0,1,0,1,0,1,25872798.01,343242570.8,387436.05,1178895.966,387436.062,1185649.75,1566332.016
2020,KHM,ZAF,19148.82493,7,2,9.14,9298,0,0,0,0,0,0,0,1,25872798.01,335442101.4,19148.816,25839.464,19148.824,27506.867,44988.28
2020,KOR,ARE,3653610.996,9,4,8.82,6788,0,0,0,0,0,0,0,1,1637895803,358868765.2,3659825.234,4079465.79,3653715,4084841,7739291.024
2020,KOR,AUS,6188497.425,9,10,9.05,8549,0,0,1,0,0,0,0,1,1637895803,1327836171,6186806.412,6549983.594,6206530,6631238,12736790.01
2020,KOR,BRN,81979.325,9,8,8.25,3815,0,0,0,0,0,0,0,1,1637895803,12005825.77,81950.601,109932.909,81980,109525.211,191883.51
2020,KOR,CAN,5463987.073,9,5,9.27,10620,0,0,1,0,0,0,0,1,1637895803,1645423408,5475978.001,7135898.499,5464175,7554966,12611876.5
2020,KOR,CHL,866535.819,9,4,9.82,18364,0,0,0,0,0,0,0,1,1637895803,252727193.7,866885.924,1014476.757,866949,1014479.312,1881362.681
2020,KOR,CHN,132565444.4,9,8,6.77,867,0,0,0,0,0,0,0,1,1637895803,14687673893,132500993.6,172700643.9,132579616,173501488,305201637.5
2020,KOR,COL,593417.972,9,5,9.61,14855,0,0,0,0,0,0,0,1,1637895803,270299982.9,597657.788,676375.178,593579,676375.188,1274032.966
2020,KOR,DEU,9575575.68,9,1,9.01,8147,0,0,0,0,0,0,0,1,1637895803,3846413929,9575157.59,12681489.32,9577116,10256444,22256646.91
2020,KOR,FRA,3044999.802,9,1,9.10,8989,0,0,0,0,0,0,0,1,1637895803,2630317731,3042438.635,3507056.983,3039402,3491544,6549495.618
2020,KOR,IDN,6312901.246,9,7,8.57,5278,0,0,0,0,0,0,0,1,1637895803,1058688935,6301482.707,6746488.753,6343404,6849368,13047971.46
2020,KOR,IND,11937316.34,9,5.5,8.45,4692,0,0,1,0,0,0,0,1,1637895803,2667687952,11952187.83,12158083.76,11943302,12166107,24110271.59
2020,KOR,JPN,25097580.87,9,9,7.05,1155,0,0,0,0,1,0,0,1,1637895803,5040107754,24997644.9,26544639.2,25085552,26569394,51542284.1
2020,KOR,KHM,567210.454,9,7,8.20,3625,0,0,0,0,0,0,0,1,1637895803,25872798.01,567154.316,549368.327,567440,549368.312,1116522.643
2020,KOR,KOR,,9,9,4.78,119,0,0,0,0,0,0,0,0,1637895803,1637895803,,,,,0
2020,KOR,LAO,49796.754,9,7,8.08,3220,0,0,0,0,0,0,0,1,1637895803,18981800.71,49798.741,,49773,52759.379,49798.741
2020,KOR,LKA,172016.584,9,5.5,8.67,5835,0,0,0,0,0,0,0,1,1637895803,80969683.54,172509.933,194345.317,172091.016,194345.344,366855.25
2020,KOR,MMR,608927.451,9,6.5,8.24,3793,0,0,0,0,0,0,0,1,1637895803,78930257.23,609636.416,564409.125,613664,564410,1174045.541
2020,KOR,MYS,9078150.446,9,8,8.43,4603,0,0,0,0,0,0,0,1,1637895803,337006023.8,9075586.792,10672842.08,9127545,10695003,19748428.87
2020,KOR,NZL,1463463.112,9,12,9.17,9597,0,0,1,0,0,0,0,1,1637895803,211734532.3,1462611.661,1803931.676,1463402,1805844.625,3266543.337
2020,KOR,PAK,1073230.447,9,5,8.66,5778,0,0,1,0,0,0,0,1,1637895803,300306331.7,1074085.777,1061863.368,1073478,1060248.625,2135949.145
2020,KOR,PHL,7126436.794,9,8,7.87,2613,0,0,1,0,0,0,0,1,1637895803,361751116.3,7078111.019,7012543.099,7124254,6885377.5,14090654.12
2020,KOR,RUS,6899967.875,9,3,8.80,6622,0,0,0,0,0,0,0,1,1637895803,1488321875,6900295.371,7159385.916,6905003,7159267,14059681.29
2020,KOR,SGP,9828387.673,9,8,8.45,4664,0,0,1,0,0,0,0,1,1637895803,345295933.9,9407898.687,15018629.57,9852643,12387425,24426528.26
2020,KOR,THA,6852678.153,9,7,8.22,3720,0,0,0,0,0,0,0,1,1637895803,499681757,6834776.053,7616319.217,6854464,7708716.5,14451095.27
2020,KOR,USA,74352782.51,9,5,9.31,11077,0,0,1,0,0,0,0,1,1637895803,20893743833,74395882.53,78292053.15,74531160,76019824,152687935.7
2020,KOR,VNM,48510572.44,9,7,8.19,3599,0,0,0,0,0,0,0,1,1637895803,343242570.8,48476301.24,46783150.61,48517080,46873300,95259451.85
2020,KOR,ZAF,666318.55,9,2,9.43,12483,0,0,1,0,0,0,0,1,1637895803,335442101.4,667075.234,679474.602,667615,722012.25,1346549.836
2020,LAO,ARE,536.3291,7,4,8.50,4938,0,0,0,0,0,0,0,1,18981800.71,358868765.2,,6242.017,5888.704,6242.024,6242.017
2020,LAO,AUS,88709.25648,7,10,8.94,7600,0,0,0,0,0,0,0,1,18981800.71,1327836171,,16166.304,94303.828,99962.062,16166.304
2020,LAO,BRN,,7,8,7.59,1971,0,0,0,0,0,1,0,1,18981800.71,12005825.77,,2.29,2.093,2.219,2.29
2020,LAO,CAN,6499.72163,7,5,9.49,13173,0,0,0,0,0,0,0,1,18981800.71,1645423408,,22080.255,22409.969,23754.568,22080.255
2020,LAO,CHL,37.04238,7,4,9.81,18164,0,0,0,0,0,0,0,1,18981800.71,252727193.7,,155.856,147.039,155.859,155.856
2020,LAO,CHN,1465948.409,7,8,7.78,2402,1,0,0,0,0,0,0,1,18981800.71,14687673893,,2053976.647,1982675.875,2064186.5,2053976.647
2020,LAO,COL,,7,5,9.77,17481,0,0,0,0,0,0,0,1,18981800.71,270299982.9,,1250.585,1179.801,1250.59,1250.585
2020,LAO,DEU,76294.50486,7,1,9.03,8389,0,0,0,0,0,0,0,1,18981800.71,3846413929,,118556.051,104436.18,110702.344,118556.051
2020,LAO,FRA,6325.31931,7,1,9.13,9249,0,0,0,0,1,0,0,1,18981800.71,2630317731,,14251.948,13430.142,14235.95,14251.948
2020,LAO,IDN,45270.76638,7,7,7.91,2715,0,0,0,0,0,1,0,1,18981800.71,1058688935,,42265.994,39873.578,42265.992,42265.994
2020,LAO,IND,108965.1932,7,5.5,7.95,2845,0,0,0,0,0,0,1,1,18981800.71,2667687952,,2074.9,1974.462,2092.929,2074.9
2020,LAO,JPN,84726.60041,7,9,8.33,4142,0,0,0,0,0,0,0,1,18981800.71,5040107754,,129050.711,113755.266,120580.586,129050.711
2020,LAO,KHM,44480.25423,7,7,6.62,751,1,0,0,1,0,1,0,1,18981800.71,25872798.01,,103017.692,97186.516,103017.703,103017.692
2020,LAO,KOR,11214.4608,7,9,8.08,3220,0,0,0,0,0,0,0,1,18981800.71,1637895803,,43866.942,41396.227,43880,43866.942
2020,LAO,LAO,,7,7,5.21,183,0,0,0,0,0,1,0,0,18981800.71,18981800.71,,,,,0
2020,LAO,LKA,,7,5.5,7.92,2754,0,0,0,0,0,0,0,1,18981800.71,80969683.54,,86.528,81.633,86.532,86.528
2020,LAO,MMR,13291.18218,7,6.5,6.55,697,1,0,0,0,0,1,0,1,18981800.71,78930257.23,,990.549,933.962,990,990.549
2020,LAO,MYS,10252.1004,7,8,7.40,1643,0,0,0,0,0,1,0,1,18981800.71,337006023.8,,11362.437,10728.749,11372.474,11362.437
2020,LAO,NZL,147.16755,7,12,9.18,9692,0,0,0,0,0,0,0,1,18981800.71,211734532.3,,2772.324,2567.671,2721.731,2772.324
2020,LAO,PAK,1.5982,7,5,8.23,3750,0,0,0,0,0,0,0,1,18981800.71,300306331.7,,14.834,13.91,14.744,14.834
2020,LAO,PHL,9379.14395,7,8,7.60,1999,0,0,0,0,0,1,0,1,18981800.71,361751116.3,,3472.065,1962.219,2079.951,3472.065
2020,LAO,RUS,2534.75188,7,3,8.83,6812,0,0,0,0,0,0,0,1,18981800.71,1488321875,,14623.107,13795.39,14623.115,14623.107
2020,LAO,SGP,42106.13026,7,8,7.52,1850,0,0,0,0,0,1,0,1,18981800.71,345295933.9,,6835.62,64883.941,68776.977,6835.62
2020,LAO,THA,1765234.426,7,7,6.25,520,1,0,1,0,0,1,0,1,18981800.71,499681757,,2634031.83,2825273.25,2994789.75,2634031.83
2020,LAO,USA,31502.85053,7,5,9.51,13498,0,0,0,0,0,0,0,1,18981800.71,20893743833,,107060.663,98865.898,104797.852,107060.663
2020,LAO,VNM,998769.4766,7,7,6.81,911,1,0,0,1,0,1,0,1,18981800.71,343242570.8,,456751.13,433262.781,459258.562,456751.13
2020,LAO,ZAF,26.982,7,2,9.15,9422,0,0,0,0,0,0,0,1,18981800.71,335442101.4,,1309.958,1291.03,1368.491,1309.958
2020,LKA,ARE,214911.7973,5.5,4,8.10,3306,0,0,0,1,0,0,0,1,80969683.54,358868765.2,214911.774,184521.162,214911.797,184521.188,399432.936
2020,LKA,AUS,185998.2878,5.5,10,9.03,8353,0,0,0,0,0,0,0,1,80969683.54,1327836171,185998.266,179558.368,185998.281,183725.547,365556.634
2020,LKA,BRN,1238.249582,5.5,8,8.27,3892,0,0,0,1,0,0,0,1,80969683.54,12005825.77,1238.245,235.924,1238.248,233.026,1474.169
2020,LKA,CAN,226349.0915,5.5,5,9.55,14023,0,0,0,0,0,0,0,1,80969683.54,1645423408,226349.069,278573.122,226349.094,295929.094,504922.191
2020,LKA,CHL,58397.64093,5.5,4,9.67,15792,0,0,0,0,0,0,0,1,80969683.54,252727193.7,58397.627,54438.133,58397.641,54438.148,112835.76
2020,LKA,CHN,252003.1967,5.5,8,8.54,5091,0,0,0,0,0,0,0,1,80969683.54,14687673893,252003.177,317749.028,252003.203,317690.938,569752.205
2020,LKA,COL,17646.46388,5.5,5,9.73,16867,0,0,0,0,0,0,0,1,80969683.54,270299982.9,17646.458,19443.696,17646.465,19443.705,37090.154
2020,LKA,DEU,611783.1816,5.5,1,8.96,7815,0,0,0,0,0,0,0,1,80969683.54,3846413929,611783.16,829832.624,611783.188,560482.75,1441615.784
2020,LKA,FRA,196728.1026,5.5,1,9.05,8517,0,0,0,0,0,0,0,1,80969683.54,2630317731,196728.08,172932.385,196728.094,173009.562,369660.465
2020,LKA,IDN,37301.962,5.5,7,8.11,3332,0,0,0,0,0,0,0,1,80969683.54,1058688935,37301.945,26626.379,37301.961,26626.381,63928.324
2020,LKA,IND,654441.8374,5.5,5.5,7.79,2422,0,0,0,1,0,0,0,1,80969683.54,2667687952,654441.81,686318.167,654441.875,689198.375,1340759.977
2020,LKA,JPN,202755.4013,5.5,9,8.83,6853,0,0,0,0,0,0,0,1,80969683.54,5040107754,202754.87,245349.12,202755.391,245117.547,448103.99
2020,LKA,KHM,6594.725755,5.5,7,7.94,2800,0,0,0,0,0,0,0,1,80969683.54,25872798.01,6594.715,4047.73,6594.726,4047.742,10642.445
2020,LKA,KOR,77906.79118,5.5,9,8.67,5835,0,0,0,0,0,0,0,1,80969683.54,1637895803,77906.771,110698.216,77906.789,111663,188604.987
2020,LKA,LAO,5.662498381,5.5,7,7.92,2754,0,0,0,0,0,0,0,1,80969683.54,18981800.71,5.659,,5.662,6.002,5.659
2020,LKA,LKA,,5.5,5.5,4.56,96,0,0,0,0,0,0,0,0,80969683.54,80969683.54,,,,,0
2020,LKA,MMR,8935.420126,5.5,6.5,7.64,2083,0,0,0,1,0,0,0,1,80969683.54,78930257.23,8935.407,1366.95,8935.421,1370.001,10302.357
2020,LKA,MYS,60942.54519,5.5,8,7.81,2457,0,0,0,1,0,0,0,1,80969683.54,337006023.8,60942.521,50497.268,60942.543,50531.691,111439.789
2020,LKA,NZL,27941.90623,5.5,12,9.30,10908,0,0,0,0,0,0,0,1,80969683.54,211734532.3,27941.886,40750.803,27941.906,40949.473,68692.689
2020,LKA,PAK,78898.83414,5.5,5,7.79,2409,0,0,0,1,0,0,0,1,80969683.54,300306331.7,78898.814,71244.06,78898.828,71366.703,150142.874
2020,LKA,PHL,11682.32315,5.5,8,8.43,4571,0,0,0,0,0,0,0,1,80969683.54,361751116.3,11682.311,9525.486,11682.323,10611.053,21207.797
2020,LKA,RUS,175993.859,5.5,3,8.79,6565,0,0,0,0,0,0,0,1,80969683.54,1488321875,175993.846,258764.381,175993.859,258649.891,434758.227
2020,LKA,SGP,109762.9524,5.5,8,7.91,2736,0,0,0,1,0,0,0,1,80969683.54,345295933.9,109762.929,90065.526,109762.953,73347.609,199828.455
2020,LKA,THA,40112.45917,5.5,7,7.78,2384,0,0,0,0,0,0,0,1,80969683.54,499681757,40112.443,72715.636,40112.461,72905.961,112828.079
2020,LKA,USA,2658222.886,5.5,5,9.55,14094,0,0,0,0,0,0,0,1,80969683.54,20893743833,2658222.863,2552281.217,2658222.75,2443318,5210504.08
2020,LKA,VNM,42597.70072,5.5,7,8.00,2979,0,0,0,0,0,0,0,1,80969683.54,343242570.8,42597.684,49081.434,42597.699,,91679.118
2020,LKA,ZAF,34936.09277,5.5,2,8.81,6686,0,0,0,0,0,0,0,1,80969683.54,335442101.4,34936.076,29385.559,34936.094,30914.031,64321.635
2020,MMR,ARE,83861.87672,6.5,4,8.37,4330,0,0,0,1,0,0,0,1,78930257.23,358868765.2,83861.862,90865.765,88410,90865.773,174727.627
2020,MMR,AUS,29407.12532,6.5,10,8.98,7910,0,0,0,0,0,0,0,1,78930257.23,1327836171,29407.11,41142.803,30210,41839.977,70549.913
2020,MMR,BRN,447.3184,6.5,8,7.80,2434,0,0,0,1,0,1,0,1,78930257.23,12005825.77,447.314,735.409,450,734.171,1182.723
2020,MMR,CAN,77251.30967,6.5,5,9.49,13290,0,0,0,0,0,0,0,1,78930257.23,1645423408,77251.297,130671.662,77770,138292.375,207922.959
2020,MMR,CHL,10074.33097,6.5,4,9.78,17743,0,0,0,0,0,0,0,1,78930257.23,252727193.7,10074.328,8477.485,10080.002,8477.487,18551.813
2020,MMR,CHN,5375504.69,6.5,8,8.01,3017,1,0,0,0,0,0,0,1,78930257.23,14687673893,5375504.64,6341810.588,5375500,6343249,11717315.23
2020,MMR,COL,4520.60384,6.5,5,9.76,17409,0,0,0,0,0,0,0,1,78930257.23,270299982.9,4520.596,8634.473,4520,8634.476,13155.069
2020,MMR,DEU,591413.2539,6.5,1,8.99,8055,0,0,0,0,0,0,0,1,78930257.23,3846413929,591413.243,1283423.664,591410,803676.312,1874836.907
2020,MMR,FRA,126176.6086,6.5,1,9.09,8893,0,0,0,0,0,0,0,1,78930257.23,2630317731,126176.596,248150.588,125790,248438.562,374327.184
2020,MMR,IDN,164737.5905,6.5,7,7.94,2804,0,0,0,0,0,1,0,1,78930257.23,1058688935,164737.578,187248.822,164740,187248.812,351986.4
2020,MMR,IND,695595.2113,6.5,5.5,7.76,2342,1,0,0,1,0,0,1,1,78930257.23,2667687952,695549.268,575594.204,695579.938,572074,1271143.472
2020,MMR,JPN,1240810.229,6.5,9,8.47,4776,0,0,0,0,0,0,0,1,78930257.23,5040107754,1240810.209,1305737.254,1240810,1300403.25,2546547.463
2020,MMR,KHM,30600.8897,6.5,7,7.01,1109,0,0,0,0,0,1,0,1,78930257.23,25872798.01,30600.885,24926.935,30600,24926.941,55527.82
2020,MMR,KOR,438012.7025,6.5,9,8.24,3793,0,0,0,0,0,0,0,1,78930257.23,1637895803,438012.685,465268.152,438009.969,465845,903280.837
2020,MMR,LAO,330.74999,6.5,7,6.55,697,1,0,0,0,0,1,0,1,78930257.23,18981800.71,330.749,,329.999,349.802,330.749
2020,MMR,LKA,5912.11821,6.5,5.5,7.64,2083,0,0,0,1,0,0,0,1,78930257.23,80969683.54,5912.113,23316.852,5919.999,23316.861,29228.965
2020,MMR,MMR,,6.5,6.5,5.73,309,0,0,0,0,0,1,0,0,78930257.23,78930257.23,,,,,0
2020,MMR,MYS,195575.5476,6.5,8,7.40,1628,0,0,0,1,0,1,0,1,78930257.23,337006023.8,195575.53,222748.124,195580,223196.812,418323.654
2020,MMR,NZL,4191.99251,6.5,12,9.22,10142,0,0,0,0,0,0,0,1,78930257.23,211734532.3,4191.987,7746.514,4199.999,7692.426,11938.501
2020,MMR,PAK,45052.28548,6.5,5,8.05,3148,0,0,0,1,0,0,0,1,78930257.23,300306331.7,45052.281,1294.777,45060,1291.13,46347.058
2020,MMR,PHL,111118.6606,6.5,8,7.89,2670,0,0,0,0,0,1,0,1,78930257.23,361751116.3,111118.651,116016.201,111120,108324.328,227134.852
2020,MMR,RUS,30318.92954,6.5,3,8.78,6525,0,0,0,0,0,0,0,1,78930257.23,1488321875,30318.924,145369.257,30320,145360.906,175688.181
2020,MMR,SGP,696893.1885,6.5,8,7.56,1912,0,0,0,1,0,1,0,1,78930257.23,345295933.9,696893.166,114020.79,696890,87770.039,810913.956
2020,MMR,THA,3008437.59,6.5,7,6.36,580,1,0,0,0,0,1,0,1,78930257.23,499681757,3008437.568,2795010.537,3008730,2808463.5,5803448.105
2020,MMR,USA,868873.5911,6.5,5,9.51,13556,0,0,0,0,0,0,0,1,78930257.23,20893743833,868873.572,1073934.772,904571.688,1027603.375,1942808.344
2020,MMR,VNM,177019.7242,6.5,7,7.18,1319,0,0,0,0,0,1,0,1,78930257.23,343242570.8,177019.705,218881.122,177020,218785.859,395900.827
2020,MMR,ZAF,11532.51472,6.5,2,9.08,8768,0,0,0,0,0,0,0,1,78930257.23,335442101.4,11532.509,9546.99,11540.001,10083.174,21079.499
2020,MYS,ARE,2020203.46,8,4,8.62,5531,0,0,0,1,0,0,0,1,337006023.8,358868765.2,2013762.469,2114936.121,2032249.25,2139525.5,4128698.59
2020,MYS,AUS,5794920.462,8,10,8.76,6358,0,0,0,0,0,0,0,1,337006023.8,1327836171,5771038.381,6889183.576,5794917.5,7071769,12660221.96
2020,MYS,BRN,660444.9952,8,8,7.30,1486,1,1,1,1,0,1,0,1,337006023.8,12005825.77,662353.355,929828.698,662353.5,955145,1592182.053
2020,MYS,CAN,946355.5229,8,5,9.60,14815,0,0,0,0,0,0,0,1,337006023.8,1645423408,947096.791,2274952.283,947096.938,2415539.75,3222049.074
2020,MYS,CHL,161869.3929,8,4,9.71,16556,0,0,0,0,0,0,0,1,337006023.8,252727193.7,161842.436,216849.714,161842.484,216849.734,378692.15
2020,MYS,CHN,37878831.34,8,8,8.23,3737,0,1,1,0,0,0,0,1,337006023.8,14687673893,37771739.95,74714696.41,37774300,74746064,112486436.4
2020,MYS,COL,101071.5334,8,5,9.85,19033,0,0,0,0,0,0,0,1,337006023.8,270299982.9,99021.663,177038.345,99021.695,177038.375,276060.008
2020,MYS,DEU,5874581.791,8,1,9.17,9616,0,0,0,0,0,0,0,1,337006023.8,3846413929,5871515.812,9603187.263,5872073,6719652,15474703.08
2020,MYS,FRA,1242432.011,8,1,9.25,10430,0,0,0,0,0,0,0,1,337006023.8,2630317731,1241349.202,1891853.208,1241349.375,1893713.25,3133202.41
2020,MYS,IDN,7039109.642,8,7,7.07,1182,1,0,1,0,0,1,0,1,337006023.8,1058688935,7031630.613,6933017.329,7034752,6933019,13964647.94
2020,MYS,IND,7233000.122,8,5.5,8.25,3834,0,0,0,1,0,0,1,1,337006023.8,2667687952,7286044.291,7376007.248,7286045,7385738,14662051.54
2020,MYS,JPN,14883236.6,8,9,8.58,5315,0,0,0,0,0,0,0,1,337006023.8,5040107754,14606756.82,15866727,14717670,15909590,30473483.82
2020,MYS,KHM,355705.3632,8,7,6.90,997,0,0,0,0,0,1,0,1,337006023.8,25872798.01,356442.849,346109.357,356909.5,346109.375,702552.206
2020,MYS,KOR,8258351.929,8,9,8.43,4603,0,0,0,0,0,0,0,1,337006023.8,1637895803,8237904.543,8894202.069,8238018.5,8897450,17132106.61
2020,MYS,LAO,13379.01264,8,7,7.40,1643,0,0,0,0,0,1,0,1,337006023.8,18981800.71,13409.694,,13409.71,14214.293,13409.694
2020,MYS,LKA,625211.4659,8,5.5,7.81,2457,0,0,0,1,0,0,0,1,337006023.8,80969683.54,628411.978,634480.475,628412.125,634480.5,1262892.453
2020,MYS,MMR,729519.5692,8,6.5,7.40,1628,0,0,0,1,0,1,0,1,337006023.8,78930257.23,735853.08,1011092.132,735853.25,1011099.938,1746945.212
2020,MYS,MYS,,8,8,5.38,216,0,0,0,0,0,1,0,0,337006023.8,337006023.8,,,,,0
2020,MYS,NZL,908211.535,8,12,9.07,8727,0,0,0,0,0,0,0,1,337006023.8,211734532.3,912149.663,1069954.755,912149.812,1082637.75,1982104.418
2020,MYS,PAK,1132697.401,8,5,8.39,4421,0,0,0,1,0,0,0,1,337006023.8,300306331.7,1133031.345,1085582.923,1133031.5,1084774.75,2218614.268
2020,MYS,PHL,4188601.389,8,8,7.81,2469,0,0,0,0,0,1,0,1,337006023.8,361751116.3,4190867.081,4015492.713,4190867.75,4090322.5,8206359.794
2020,MYS,RUS,723215.2392,8,3,9.00,8122,0,0,0,0,0,0,0,1,337006023.8,1488321875,714693.056,1579459.238,714693.188,1579386.625,2294152.294
2020,MYS,SGP,33816086.27,8,8,5.76,316,0,1,1,1,0,1,0,1,337006023.8,345295933.9,33882090.56,41665681.12,33940780,33447636,75547771.68
2020,MYS,THA,10786175.54,8,7,7.07,1177,1,0,0,0,0,1,0,1,337006023.8,499681757,10790889.12,10148686.48,10793131,10203044,20939575.6
2020,MYS,USA,25984205.3,8,5,9.62,15128,0,0,0,0,0,0,0,1,337006023.8,20893743833,25988517.23,45331086.39,26003112,44164388,71319603.62
2020,MYS,VNM,7352144.153,8,7,6.91,1005,0,0,0,0,0,1,0,1,337006023.8,343242570.8,7358792.404,6571921.649,7361437.5,6604029.5,13930714.05
2020,MYS,ZAF,613002.955,8,2,9.05,8545,0,0,0,0,0,0,0,1,337006023.8,335442101.4,600082.842,765260.163,600082.938,809910.438,1365343.005
2020,NZL,ARE,527038.828,12,4,9.56,14202,0,0,0,0,0,0,0,1,211734532.3,358868765.2,530962.873,552611.363,528167.438,553709.875,1083574.236
2020,NZL,AUS,5219342.834,12,10,7.88,2632,0,1,1,0,0,0,0,1,211734532.3,1327836171,4965767.299,4686451.249,5299608,5147176.5,9652218.548
2020,NZL,BRN,3502.637283,12,8,8.95,7731,0,0,0,0,0,0,0,1,211734532.3,12005825.77,3479.681,5572.178,3452.482,5532.428,9051.859
2020,NZL,CAN,512744.1359,12,5,9.54,13878,0,1,1,0,0,0,0,1,211734532.3,1645423408,515295.126,607538.85,515300.281,642436.812,1122833.976
2020,NZL,CHL,112627.6429,12,4,9.18,9690,0,0,0,0,0,0,0,1,211734532.3,252727193.7,113578.813,116778.349,112922.945,116778.367,230357.162
2020,NZL,CHN,10623117.12,12,8,9.14,9361,0,0,0,0,0,0,0,1,211734532.3,14687673893,10789613.13,12063399.77,10838734,12062271,22853012.9
2020,NZL,COL,15800.59945,12,5,9.41,12197,0,0,0,0,0,0,0,1,211734532.3,270299982.9,15810.537,10913.864,15886.415,10913.879,26724.401
2020,NZL,DEU,604292.0256,12,1,9.78,17742,0,0,0,0,0,0,0,1,211734532.3,3846413929,606025.188,817420.471,606116.938,594806.062,1423445.659
2020,NZL,FRA,303092.6657,12,1,9.83,18540,0,0,0,0,0,0,0,1,211734532.3,2630317731,304263.021,283256.556,306337.031,284121.938,587519.577
2020,NZL,IDN,695858.0814,12,7,8.94,7639,0,0,0,0,0,0,0,1,211734532.3,1058688935,697283.935,757010.817,697157.062,757010.812,1454294.752
2020,NZL,IND,288969.1176,12,5.5,9.43,12484,0,1,1,0,0,0,0,1,211734532.3,2667687952,302995.289,410837.529,303106.594,410454.5,713832.818
2020,NZL,JPN,2281303.261,12,9,9.08,8813,0,0,0,0,0,0,0,1,211734532.3,5040107754,2311506.653,2498930.263,2292198.25,2486727.25,4810436.916
2020,NZL,KHM,9885.371844,12,7,9.11,9044,0,0,0,0,0,0,0,1,211734532.3,25872798.01,9895.868,15252.408,9909.847,15252.421,25148.276
2020,NZL,KOR,1108149.417,12,9,9.17,9597,0,0,1,0,0,0,0,1,211734532.3,1637895803,1110965.854,1180954.919,1109579.5,1181848.125,2291920.773
2020,NZL,LAO,852.080608,12,7,9.18,9692,0,0,0,0,0,0,0,1,211734532.3,18981800.71,838.014,,842.305,892.844,838.014
2020,NZL,LKA,278220.1027,12,5.5,9.30,10908,0,0,0,0,0,0,0,1,211734532.3,80969683.54,282692.465,301116.956,283231.438,301117,583809.421
2020,NZL,MMR,37542.51565,12,6.5,9.22,10142,0,0,0,0,0,0,0,1,211734532.3,78930257.23,37615.65,42042.324,37566.387,42040,79657.974
2020,NZL,MYS,678394.1285,12,8,9.07,8727,0,0,0,0,0,0,0,1,211734532.3,337006023.8,691414.619,727397.464,691064.75,741073.75,1418812.083
2020,NZL,NZL,,12,12,5.27,195,0,0,0,0,0,0,0,0,211734532.3,211734532.3,,,,,0
2020,NZL,PAK,35711.3106,12,5,9.48,13144,0,1,1,0,0,0,0,1,211734532.3,300306331.7,36537.096,46964.377,37054.414,47339.648,83501.473
2020,NZL,PHL,464373.2594,12,8,8.99,8012,0,1,1,0,0,0,0,1,211734532.3,361751116.3,473333.469,434082.106,470935.156,476182.312,907415.575
2020,NZL,RUS,209500.7314,12,3,9.69,16191,0,0,0,0,0,0,0,1,211734532.3,1488321875,210655.67,276745.416,212077.188,276792.469,487401.086
2020,NZL,SGP,636281.7721,12,8,9.04,8411,0,1,1,0,0,0,0,1,211734532.3,345295933.9,707737.559,753517.675,730218.875,598865.625,1461255.234
2020,NZL,THA,616629.2314,12,7,9.17,9563,0,0,0,0,0,0,0,1,211734532.3,499681757,609943.948,679257.615,617495.562,694201.438,1289201.563
2020,NZL,USA,4298423.131,12,5,9.56,14187,0,1,1,0,0,0,0,1,211734532.3,20893743833,4295356.327,4375496.022,4228347.5,4208349.5,8670852.349
2020,NZL,VNM,532371.5491,12,7,9.09,8840,0,0,0,0,0,0,0,1,211734532.3,343242570.8,534256.467,557325.482,534772.562,557389.5,1091581.949
2020,NZL,ZAF,114952.7657,12,2,9.41,12206,0,1,1,0,0,0,0,1,211734532.3,335442101.4,116254.583,130811.853,116966.758,139261.312,247066.436
2020,PAK,ARE,1096882.841,5,4,7.08,1188,0,0,0,1,0,0,0,1,300306331.7,358868765.2,1096882.814,787565.25,1096324.25,909270.188,1884448.064
2020,PAK,AUS,232041.361,5,10,9.28,10684,0,1,1,0,0,0,0,1,300306331.7,1327836171,232041.338,244590.99,231841.844,244649.609,476632.328
2020,PAK,BRN,1137.526094,5,8,8.62,5564,0,0,0,1,0,0,0,1,300306331.7,12005825.77,1137.521,1176.688,1145.383,1177.248,2314.209
2020,PAK,CAN,284819.9569,5,5,9.37,11677,0,1,1,0,0,0,0,1,300306331.7,1645423408,284819.935,326417.242,284502.812,345938.281,611237.177
2020,PAK,CHL,53273.9771,5,4,9.67,15838,0,0,0,0,0,0,0,1,300306331.7,252727193.7,53273.962,48075.176,53320,48075.188,101349.138
2020,PAK,CHN,1867039.488,5,8,8.58,5339,1,0,0,0,0,0,0,1,300306331.7,14687673893,1867039.468,2123026.747,1870098.25,2127533.25,3990066.215
2020,PAK,COL,27109.553,5,5,9.60,14703,0,0,0,0,0,0,0,1,300306331.7,270299982.9,27109.545,32980.211,27229.244,32980.223,60089.756
2020,PAK,DEU,1395015.416,5,1,8.60,5412,0,0,0,0,0,0,0,1,300306331.7,3846413929,1395015.396,2138350.687,1394441.875,1609769.125,3533366.083
2020,PAK,FRA,396875.1112,5,1,8.72,6138,0,0,0,0,0,0,0,1,300306331.7,2630317731,396875.092,604847.257,395739.875,607266,1001722.349
2020,PAK,IDN,137200.2331,5,7,8.61,5513,0,0,0,0,0,0,0,1,300306331.7,1058688935,137200.213,194939.625,137177.172,194939.625,332139.838
2020,PAK,IND,167.7908506,5,5.5,6.99,1090,1,1,1,1,0,0,0,1,300306331.7,2667687952,167.786,2547.084,173.262,2553.384,2714.87
2020,PAK,JPN,166646.1028,5,9,8.84,6933,0,0,0,0,0,0,0,1,300306331.7,5040107754,166646.087,226366.25,166445.938,226405.734,393012.337
2020,PAK,KHM,22823.38894,5,7,8.35,4247,0,0,0,0,0,0,0,1,300306331.7,25872798.01,22823.379,30028.874,22972.557,30028.889,52852.253
2020,PAK,KOR,183379.8639,5,9,8.66,5778,0,0,1,0,0,0,0,1,300306331.7,1637895803,183379.84,226336.717,182727.297,227120.984,409716.557
2020,PAK,LAO,525.220716,5,7,8.23,3750,0,0,0,0,0,0,0,1,300306331.7,18981800.71,525.218,,521.974,553.291,525.218
2020,PAK,LKA,253711.3955,5,5.5,7.79,2409,0,0,0,1,0,0,0,1,300306331.7,80969683.54,253711.378,324697.93,254770.297,324697.938,578409.308
2020,PAK,MMR,13219.89489,5,6.5,8.05,3148,0,0,0,1,0,0,0,1,300306331.7,78930257.23,13219.887,20764.478,13226.945,20770,33984.365
2020,PAK,MYS,232978.0165,5,8,8.39,4421,0,0,0,1,0,0,0,1,300306331.7,337006023.8,232973.598,259880.214,232816.016,260102.562,492853.812
2020,PAK,NZL,39925.60888,5,12,9.48,13144,0,1,1,0,0,0,0,1,300306331.7,211734532.3,39925.59,48789.898,39948.648,48702.621,88715.488
2020,PAK,PAK,,5,5,5.82,336,0,0,0,0,0,0,0,0,300306331.7,300306331.7,,,,,0
2020,PAK,PHL,119568.3642,5,8,8.65,5727,0,1,1,0,0,0,0,1,300306331.7,361751116.3,119568.353,105084.748,120474.508,105388.312,224653.101
2020,PAK,RUS,144538.7932,5,3,8.34,4178,0,0,0,0,0,0,0,1,300306331.7,1488321875,144538.779,292927.719,146173.797,292913.875,437466.498
2020,PAK,SGP,62256.47331,5,8,8.46,4736,0,1,1,1,0,0,0,1,300306331.7,345295933.9,62256.453,74918.085,61611.23,63418.168,137174.538
2020,PAK,THA,141531.8478,5,7,8.22,3714,0,0,0,0,0,0,0,1,300306331.7,499681757,141531.827,127635.694,142076.203,127862.133,269167.521
2020,PAK,USA,4141846.58,5,5,9.37,11705,0,1,1,0,0,0,0,1,300306331.7,20893743833,4141846.555,4115927.796,4134611.5,3901504.5,8257774.351
2020,PAK,VNM,136669.2674,5,7,8.40,4458,0,0,0,0,0,0,0,1,300306331.7,343242570.8,136669.251,116754.381,136925.062,117310.922,253423.632
2020,PAK,ZAF,183129.4582,5,2,8.86,7042,0,1,1,0,0,0,0,1,300306331.7,335442101.4,183129.439,159304.595,182939.172,169395.188,342434.034
2020,PHL,ARE,278338.943,8,4,8.84,6913,0,0,0,0,0,0,0,1,361751116.3,358868765.2,274129.745,414021.809,275488.125,414021.812,688151.554
2020,PHL,AUS,362288.798,8,10,8.75,6321,0,1,1,0,0,0,0,1,361751116.3,1327836171,346627.162,436055.48,364160.875,455743.656,782682.642
2020,PHL,BRN,4358.037,8,8,7.14,1257,0,0,0,0,0,1,0,1,361751116.3,12005825.77,4249.346,8904.233,3421.168,8879.794,13153.579
2020,PHL,CAN,400088.944,8,5,9.49,13225,0,1,1,0,0,0,0,1,361751116.3,1645423408,390414.062,886002.631,378434.438,943149.875,1276416.693
2020,PHL,CHL,26037.051,8,4,9.78,17615,0,0,0,0,0,0,0,1,361751116.3,252727193.7,25926.006,36736.825,24502.891,36736.844,62662.831
2020,PHL,CHN,9830090.667,8,8,7.52,1841,0,0,0,0,0,0,0,1,361751116.3,14687673893,9617887.647,19307294.05,9430036,19318558,28925181.7
2020,PHL,COL,12661.258,8,5,9.76,17318,0,0,0,0,0,0,0,1,361751116.3,270299982.9,12540.677,31301.321,11942.296,31301.338,43841.998
2020,PHL,DEU,2377185.195,8,1,9.20,9877,0,0,0,0,0,0,0,1,361751116.3,3846413929,2368154.032,3847428.982,2311510.5,2663496.5,6215583.014
2020,PHL,FRA,478931.437,8,1,9.28,10758,0,0,0,0,0,0,0,1,361751116.3,2630317731,472710.546,585997.268,457124.25,585551.562,1058707.814
2020,PHL,IDN,458173.572,8,7,7.93,2782,0,0,0,0,0,1,0,1,361751116.3,1058688935,453750.074,592009.526,477678.219,592009.562,1045759.6
2020,PHL,IND,553844.166,8,5.5,8.47,4760,0,1,1,0,0,0,1,1,361751116.3,2667687952,487740.84,448047.612,548805.75,503747.469,935788.452
2020,PHL,JPN,10034349.12,8,9,8.00,2990,0,0,0,0,0,0,0,1,361751116.3,5040107754,9873814.576,9335543.42,9898733,9299771,19209358
2020,PHL,KHM,28224.966,8,7,7.48,1774,0,0,0,0,0,1,0,1,361751116.3,25872798.01,27985.101,33125.82,23468.961,33125.836,61110.921
2020,PHL,KOR,2854850.891,8,9,7.87,2613,0,0,1,0,0,0,0,1,361751116.3,1637895803,2536020.652,3078572.905,2523161.75,3085577,5614593.557
2020,PHL,LAO,413.193,8,7,7.60,1999,0,0,0,0,0,1,0,1,361751116.3,18981800.71,402.893,,464.48,492.35,402.893
2020,PHL,LKA,47686.712,8,5.5,8.43,4571,0,0,0,0,0,0,0,1,361751116.3,80969683.54,46558.573,43357.74,42674.223,43357.758,89916.313
2020,PHL,MMR,49512.625,8,6.5,7.89,2670,0,0,0,0,0,1,0,1,361751116.3,78930257.23,49138.488,44554.3,50247.328,44550,93692.788
2020,PHL,MYS,1770569.3,8,8,7.81,2469,0,0,0,0,0,1,0,1,361751116.3,337006023.8,1753177.438,2092641.783,1776470.875,2101426.5,3845819.221
2020,PHL,NZL,46054.889,8,12,8.99,8012,0,1,1,0,0,0,0,1,361751116.3,211734532.3,45578.555,84733.3,35061.426,85082.102,130311.855
2020,PHL,PAK,42705.941,8,5,8.65,5727,0,1,1,0,0,0,0,1,361751116.3,300306331.7,42398.581,50131.798,44638.555,50026.617,92530.379
2020,PHL,PHL,,8,8,5.33,206,0,0,0,0,0,1,0,0,361751116.3,361751116.3,,,,,0
2020,PHL,RUS,88428.837,8,3,9.02,8263,0,0,0,0,0,0,0,1,361751116.3,1488321875,83578.643,403391.365,82157.727,403535.906,486970.008
2020,PHL,SGP,3774431.834,8,8,7.78,2391,0,1,1,0,0,1,0,1,361751116.3,345295933.9,3754676.55,6880398.88,3643661,5456096.5,10635075.43
2020,PHL,THA,2877397.089,8,7,7.70,2210,0,0,0,0,0,1,0,1,361751116.3,499681757,2882439.321,3043196.392,2896540.75,3036166.5,5925635.713
2020,PHL,USA,10026270.7,8,5,9.52,13689,0,1,1,0,1,0,0,1,361751116.3,20893743833,9723802.957,11505796.53,9783402,11149580,21229599.49
2020,PHL,VNM,1280661.343,8,7,7.39,1612,0,0,0,0,0,1,0,1,361751116.3,343242570.8,1273647.012,1753715.11,1262820.875,1754944.5,3027362.122
2020,PHL,ZAF,89418.2,8,2,9.31,11007,0,1,1,0,0,0,0,1,361751116.3,335442101.4,89189.659,137067.047,84715.039,146882.453,226256.706
2020,RUS,ARE,2910630.118,3,4,8.21,3678,0,0,0,0,0,0,0,1,1488321875,358868765.2,2910589.507,1941836.484,2797010,1942742,4852425.991
2020,RUS,AUS,123386.2816,3,10,9.58,14412,0,0,0,0,0,0,0,1,1488321875,1327836171,123386.263,165938.512,126832.062,156385.75,289324.775
2020,RUS,BRN,70525.73588,3,8,9.08,8762,0,0,0,0,0,0,0,1,1488321875,12005825.77,70525.733,204561.326,70528.734,208069.484,275087.059
2020,RUS,CAN,319074.4565,3,5,8.92,7504,0,0,0,0,0,0,0,1,1488321875,1645423408,319074.437,880950.828,291461.062,949042.188,1200025.265
2020,RUS,CHL,57594.32182,3,4,9.56,14117,0,0,0,0,0,0,0,1,1488321875,252727193.7,57594.306,55139.332,57304.246,55139.352,112733.638
2020,RUS,CHN,49146337.03,3,8,8.83,6831,1,0,0,0,0,0,0,1,1488321875,14687673893,49146337,57137423.65,49583128,57092100,106283760.7
2020,RUS,COL,99645.48086,3,5,9.30,10915,0,0,0,0,0,0,0,1,1488321875,270299982.9,99645.468,230704.21,94372.602,230704.219,330349.678
2020,RUS,DEU,18618931.25,3,1,7.39,1614,0,0,0,0,0,0,0,1,1488321875,3846413929,18616646.5,17813465.76,18638398,22067538,36430112.26
2020,RUS,FRA,4757525.176,3,1,7.82,2494,0,0,0,0,0,0,0,1,1488321875,2630317731,4757524.195,6280548.343,4688701,6110578,11038072.54
2020,RUS,IDN,564334.4114,3,7,9.14,9302,0,0,0,0,0,0,0,1,1488321875,1058688935,564334.394,957885.365,588699.688,957885.375,1522219.759
2020,RUS,IND,5798192.803,3,5.5,8.38,4341,0,0,0,0,0,0,0,1,1488321875,2667687952,5701692.587,5838312.563,5957996.5,5934689,11540005.15
2020,RUS,JPN,9053904.134,3,9,8.92,7497,0,0,0,0,0,0,0,1,1488321875,5040107754,9053904.109,10729566.02,9294093,10728088,19783470.13
2020,RUS,KHM,7254.37904,3,7,8.93,7536,0,0,0,0,0,0,0,1,1488321875,25872798.01,7254.367,13724.276,7830.025,13724.288,20978.643
2020,RUS,KOR,12468100.6,3,9,8.80,6622,0,0,0,0,0,0,0,1,1488321875,1637895803,12468100.58,10622971.17,12524227,10682690,23091071.75
2020,RUS,LAO,9039.78914,3,7,8.83,6812,0,0,0,0,0,0,0,1,1488321875,18981800.71,9039.778,,9093.417,9639.022,9039.778
2020,RUS,LKA,239606.2517,3,5.5,8.79,6565,0,0,0,0,0,0,0,1,1488321875,80969683.54,239606.236,236018.62,225154.047,236018.641,475624.856
2020,RUS,MMR,225148.1156,3,6.5,8.78,6525,0,0,0,0,0,0,0,1,1488321875,78930257.23,225148.097,27988.894,236107.469,27990,253136.991
2020,RUS,MYS,1047802.909,3,8,9.00,8122,0,0,0,0,0,0,0,1,1488321875,337006023.8,1047802.888,763983.399,1067513.875,764122,1811786.287
2020,RUS,NZL,257826.9761,3,12,9.69,16191,0,0,0,0,0,0,0,1,1488321875,211734532.3,257826.954,252642.664,279674.812,266326.906,510469.618
2020,RUS,PAK,496902.2387,3,5,8.34,4178,0,0,0,0,0,0,0,1,1488321875,300306331.7,496902.222,613078.514,582259.312,616199.938,1109980.736
2020,RUS,PHL,528877.5332,3,8,9.02,8263,0,0,0,0,0,0,0,1,1488321875,361751116.3,528877.514,827127.107,494059.125,842249.812,1356004.621
2020,RUS,RUS,,3,3,7.35,1555,0,0,0,0,0,0,0,0,1488321875,1488321875,,,,,0
2020,RUS,SGP,1150971.379,3,8,9.04,8423,0,0,0,0,0,0,0,1,1488321875,345295933.9,1150971.359,1372344.809,1149038.375,1167329.125,2523316.168
2020,RUS,THA,353858.1035,3,7,8.86,7071,0,0,0,0,0,0,0,1,1488321875,499681757,353858.08,1845619.693,339478.656,1746324.625,2199477.773
2020,RUS,USA,10958393.46,3,5,8.93,7531,0,0,0,0,0,0,0,1,1488321875,20893743833,10958393.43,17711785.61,10827407,16843248,28670179.04
2020,RUS,VNM,1621287.161,3,7,8.95,7718,0,0,0,0,0,0,0,1,1488321875,343242570.8,1621287.137,2065498.818,1614655.125,2090595.5,3686785.955
2020,RUS,ZAF,288384.8649,3,2,9.12,9126,0,0,0,0,0,0,0,1,1488321875,335442101.4,288384.845,529778.721,279686.781,546662.625,818163.566
2020,SGP,ARE,3051704.289,8,4,8.67,5842,0,0,0,1,0,0,0,1,345295933.9,358868765.2,2818862.689,1147082.717,2443402.25,1504970,3965945.406
2020,SGP,AUS,8549908.981,8,10,8.71,6047,0,1,1,0,0,0,0,1,345295933.9,1327836171,8448027.976,5676648.731,6759210,5805666.5,14124676.71
2020,SGP,BRN,788440.2258,8,8,7.17,1298,0,0,1,1,0,1,0,1,345295933.9,12005825.77,788440.198,756603.113,619619.938,755227.438,1545043.311
2020,SGP,CAN,1107142.363,8,5,9.62,15010,0,1,1,0,0,0,0,1,345295933.9,1645423408,1095006.16,825965.587,892167.812,925533.75,1920971.747
2020,SGP,CHL,151684.411,8,4,9.70,16398,0,0,0,0,0,0,0,1,345295933.9,252727193.7,151684.394,77630.418,96848.102,77630.438,229314.812
2020,SGP,CHN,51339112.15,8,8,8.24,3797,0,1,1,0,0,0,0,1,345295933.9,14687673893,49354758.3,29322393.05,41290264,31583132,78677151.35
2020,SGP,COL,69063.14162,8,5,9.87,19316,0,0,0,0,0,0,0,1,345295933.9,270299982.9,69063.126,115572.958,54189.816,115572.977,184636.084
2020,SGP,DEU,5553582.549,8,1,9.20,9925,0,0,0,0,0,0,0,1,345295933.9,3846413929,5550563.595,5558590.262,4346849.5,3985982.5,11109153.86
2020,SGP,FRA,4196090.778,8,1,9.28,10742,0,0,0,0,0,0,0,1,345295933.9,2630317731,3265381.968,2046033.436,3263757,2049907,5311415.404
2020,SGP,IDN,21428487.06,8,7,6.80,894,0,0,1,0,0,1,0,1,345295933.9,1058688935,20627106.7,11949004.51,16987798,12341232,32576111.21
2020,SGP,IND,9168108.326,8,5.5,8.33,4145,0,1,1,1,0,0,1,1,345295933.9,2667687952,8710406.434,11925170.8,7409685.5,12328353,20635577.23
2020,SGP,JPN,17860263.18,8,9,8.58,5310,0,0,0,0,0,0,0,1,345295933.9,5040107754,17826835.93,8537496.453,13931007,8540063,26364332.38
2020,SGP,KHM,1505137.085,8,7,7.04,1142,0,0,0,0,0,1,0,1,345295933.9,25872798.01,859712.554,480953.279,1295534.5,984238.75,1340665.833
2020,SGP,KOR,16753014.78,8,9,8.45,4664,0,0,1,0,0,0,0,1,345295933.9,1637895803,16709143.84,8432614.547,13188328,8445902,25141758.39
2020,SGP,LAO,26691.98504,8,7,7.52,1850,0,0,0,0,0,1,0,1,345295933.9,18981800.71,26691.97,,21139.969,22408.363,26691.97
2020,SGP,LKA,969951.5909,8,5.5,7.91,2736,0,0,0,1,0,0,0,1,345295933.9,80969683.54,968887.478,617222.174,769429.312,617277.688,1586109.652
2020,SGP,MMR,2694749.182,8,6.5,7.56,1912,0,0,0,1,0,1,0,1,345295933.9,78930257.23,2692938.445,2454361.67,2106483.75,2454360,5147300.115
2020,SGP,MYS,33263819.66,8,8,5.76,316,0,1,1,1,0,1,0,1,345295933.9,337006023.8,31811425.5,16485760.56,26453696,17614980,48297186.06
2020,SGP,NZL,1837100.438,8,12,9.04,8411,0,1,1,0,0,0,0,1,345295933.9,211734532.3,1836542.946,1008492.152,1449676.625,1021590.375,2845035.098
2020,SGP,PAK,823731.6258,8,5,8.46,4736,0,1,1,1,0,0,0,1,345295933.9,300306331.7,823731.599,584027.594,648449.25,589137.125,1407759.193
2020,SGP,PHL,7432171.44,8,8,7.78,2391,0,1,1,0,0,1,0,1,345295933.9,361751116.3,7351196.811,5592497.871,5899971.5,5721898,12943694.68
2020,SGP,RUS,547576.1391,8,3,9.04,8423,0,0,0,0,0,0,0,1,345295933.9,1488321875,547531.946,523597.372,425245.281,525817.625,1071129.318
2020,SGP,SGP,,8,8,2.30,10,0,0,0,0,0,1,0,0,345295933.9,345295933.9,,,,,0
2020,SGP,THA,14105268.97,8,7,7.26,1423,0,0,0,0,0,1,0,1,345295933.9,499681757,13217602.57,6308853.827,11167858,7516462,19526456.4
2020,SGP,USA,40225652.11,8,5,9.64,15347,0,1,1,0,0,0,0,1,345295933.9,20893743833,34720273.74,28289463.38,31639682,30839568,63009737.12
2020,SGP,VNM,12429039.94,8,7,7.00,1092,0,0,0,0,0,1,0,1,345295933.9,343242570.8,12424076.76,3653029.015,9879916,3668966.75,16077105.78
2020,SGP,ZAF,332065.6899,8,2,9.07,8664,0,1,1,0,0,0,0,1,345295933.9,335442101.4,332064.921,371562.175,260235.719,394577.688,703627.096
2020,THA,ARE,2134908.8,7,4,8.50,4891,0,0,0,0,0,0,0,1,499681757,358868765.2,2134902.383,3011369.19,2129673.75,3011369.25,5146271.573
2020,THA,AUS,9798149.824,7,10,8.90,7352,0,0,0,0,0,0,0,1,499681757,1327836171,8701100.797,9199602.242,9750380,10438786,17900703.04
2020,THA,BRN,114078.8545,7,8,7.53,1857,0,0,0,0,0,1,0,1,499681757,12005825.77,114078.831,127362.77,113196.094,126914.453,241441.601
2020,THA,CAN,1540957.26,7,5,9.52,13646,0,0,0,0,0,0,0,1,499681757,1645423408,1540957.234,2635565.655,1532141,2791886.5,4176522.889
2020,THA,CHL,337695.9428,7,4,9.78,17646,0,0,0,0,0,0,0,1,499681757,252727193.7,337695.92,499932.734,357752.5,499932.781,837628.654
2020,THA,CHN,29756612.46,7,8,7.97,2887,0,0,0,0,0,0,0,1,499681757,14687673893,29756612.04,48097835.37,29600950,48178668,77854447.41
2020,THA,COL,183286.067,7,5,9.79,17893,0,0,0,0,0,0,0,1,499681757,270299982.9,183286.046,248531.26,181912.562,248531.281,431817.306
2020,THA,DEU,4062679.938,7,1,9.06,8615,0,0,0,0,0,0,0,1,499681757,3846413929,4032675.149,6444327.524,4035363.75,4815877,10477002.67
2020,THA,FRA,1606967.407,7,1,9.15,9459,0,0,0,0,0,0,0,1,499681757,2630317731,1606962.942,1845699.591,1565301.875,1842022.5,3452662.533
2020,THA,IDN,7632608.096,7,7,7.75,2312,0,0,0,0,0,1,0,1,499681757,1058688935,7603840.217,6483693.983,7534614,6483756.5,14087534.2
2020,THA,IND,5479829.203,7,5.5,7.98,2922,0,0,0,0,0,0,1,1,499681757,2667687952,5427989.939,5109440.972,5445552,5217699,10537430.91
2020,THA,JPN,22877671.85,7,9,8.43,4604,0,0,0,0,0,0,0,1,499681757,5040107754,22808055.85,23729114.57,22618540,23761978,46537170.42
2020,THA,KHM,6083345.863,7,7,6.28,533,1,0,0,0,0,1,0,1,499681757,25872798.01,5830467.323,2864115.852,6021368.5,2868031.5,8694583.175
2020,THA,KOR,4243421.7,7,9,8.22,3720,0,0,0,0,0,0,0,1,499681757,1637895803,4236000.944,5191769.455,4212949.5,5195983,9427770.399
2020,THA,LAO,3361732.95,7,7,6.25,520,1,0,1,0,0,1,0,1,499681757,18981800.71,3352835.964,,3330415,3530240,3352835.964
2020,THA,LKA,301288.8442,7,5.5,7.78,2384,0,0,0,0,0,0,0,1,499681757,80969683.54,301131.879,366830.445,299608.531,366830.469,667962.324
2020,THA,MMR,3798287,7,6.5,6.36,580,1,0,0,0,0,1,0,1,499681757,78930257.23,3742097.614,1926661.555,3762980,1927300,5668759.169
2020,THA,MYS,8739414.886,7,8,7.07,1177,1,0,0,0,0,1,0,1,499681757,337006023.8,8738887.418,8153924.888,8668578,8253102.5,16892812.31
2020,THA,NZL,1242538.436,7,12,9.17,9563,0,0,0,0,0,0,0,1,499681757,211734532.3,1237480.41,1481362.712,1239165.25,1482669.625,2718843.122
2020,THA,PAK,980311.9548,7,5,8.22,3714,0,0,0,0,0,0,0,1,499681757,300306331.7,980311.932,896054.411,971879.312,896912,1876366.343
2020,THA,PHL,5076680.2,7,8,7.70,2210,0,0,0,0,0,1,0,1,499681757,361751116.3,5076670.519,4984041.85,5009779.5,4861110,10060712.37
2020,THA,RUS,719325.6817,7,3,8.86,7071,0,0,0,0,0,0,0,1,499681757,1488321875,713670.449,1420710.253,718799.938,1421049.875,2134380.702
2020,THA,SGP,9532427.522,7,8,7.26,1423,0,0,0,0,0,1,0,1,499681757,345295933.9,5662876.901,6557948.873,9418584,7549971,12220825.77
2020,THA,THA,,7,7,5.59,269,0,0,0,0,0,1,0,0,499681757,499681757,,,,,0
2020,THA,USA,34401841.56,7,5,9.54,13951,0,0,0,0,0,0,0,1,499681757,20893743833,34401403.67,39220497.21,34102624,37599276,73621900.88
2020,THA,VNM,11167602.5,7,7,6.61,745,0,0,0,0,0,1,0,1,499681757,343242570.8,11165808.39,10943803.54,11076200,10966038,22109611.93
2020,THA,ZAF,2118784.195,7,2,9.10,8997,0,0,0,0,0,0,0,1,499681757,335442101.4,2118784.173,2143204.798,2110418.25,2271878.75,4261988.971
2020,USA,ARE,14757886.26,5,4,9.31,11024,0,0,0,0,0,0,0,1,20893743833,358868765.2,14664327.3,16191363.02,14758659,16511017,30855690.32
2020,USA,AUS,23473180.22,5,10,9.72,16672,0,1,1,0,0,0,0,1,20893743833,1327836171,22929274.71,24575284.84,23488998,25367352,47504559.55
2020,USA,BRN,119022.268,5,8,9.61,14867,0,0,0,0,0,0,0,1,20893743833,12005825.77,119022.268,296524.573,119022.273,294558.875,415546.841
2020,USA,CAN,255021619.2,5,5,6.32,556,1,1,1,0,0,0,0,1,20893743833,1645423408,251226727.6,194187679.2,255327504,209355824,445414406.8
2020,USA,CHL,12766531.69,5,4,9.01,8220,0,0,1,0,0,0,0,1,20893743833,252727193.7,12766524.44,10562496.94,12766645,10562711,23329021.38
2020,USA,CHN,124648507.6,5,8,9.38,11883,0,0,0,0,0,0,0,1,20893743833,14687673893,124641034.2,135981046.1,124648520,136122544,260622080.3
2020,USA,COL,12063010.2,5,5,8.29,3999,0,0,1,0,0,0,0,1,20893743833,270299982.9,12062951.46,10634241.59,12063010,10634257,22697193.05
2020,USA,DEU,57163225.96,5,1,8.76,6402,0,0,0,0,0,0,0,1,20893743833,3846413929,56781184.25,78341143.19,57795072,57850196,135122327.4
2020,USA,FRA,28273988.24,5,1,8.67,5852,0,0,0,0,0,0,0,1,20893743833,2630317731,28266315.28,27907323.38,28285410,27881410,56173638.66
2020,USA,IDN,7415716.994,5,7,9.69,16181,0,0,0,0,0,0,0,1,20893743833,1058688935,7413547.536,8622028.106,7425047,8641916,16035575.64
2020,USA,IND,27394259.97,5,5.5,9.37,11771,0,1,1,0,0,0,0,1,20893743833,2667687952,26839479.67,25868880.21,27394588,26592492,52708359.88
2020,USA,JPN,64090703.43,5,9,9.29,10872,0,0,0,0,0,0,0,1,20893743833,5040107754,64078453.37,71754279.85,64097724,71642112,135832733.2
2020,USA,KHM,343625.564,5,7,9.56,14215,0,0,0,0,0,0,0,1,20893743833,25872798.01,343625.564,252478.491,343625.562,252478.516,596104.055
2020,USA,KOR,51212196.8,5,9,9.31,11077,0,0,1,0,0,0,0,1,20893743833,1637895803,51204321.81,57719006.31,51218024,57762952,108923328.1
2020,USA,LAO,24760.963,5,7,9.51,13498,0,0,0,0,0,0,0,1,20893743833,18981800.71,24545.078,,24760.965,26246.619,24545.078
2020,USA,LKA,354152.065,5,5.5,9.55,14094,0,0,0,0,0,0,0,1,20893743833,80969683.54,354152.065,496949.922,354152.062,496963.5,851101.987
2020,USA,MMR,338438.915,5,6.5,9.51,13556,0,0,0,0,0,0,0,1,20893743833,78930257.23,338438.915,397541.63,338438.906,2394.393,735980.545
2020,USA,MYS,12498459.27,5,8,9.62,15128,0,0,0,0,0,0,0,1,20893743833,337006023.8,12496063.58,16523162.29,12498484,16651964,29019225.87
2020,USA,NZL,3185107.022,5,12,9.56,14187,0,1,1,0,0,0,0,1,20893743833,211734532.3,3175216.48,3567761.751,3196579.5,3597856.5,6742978.231
2020,USA,PAK,2926365.253,5,5,9.37,11705,0,1,1,0,0,0,0,1,20893743833,300306331.7,2879107.249,2581535.84,2926365.25,2594806.25,5460643.089
2020,USA,PHL,7764459.606,5,8,9.52,13689,0,1,1,0,1,0,0,1,20893743833,361751116.3,7761064.311,7103299.023,7764459.5,6940875.5,14864363.33
2020,USA,RUS,4883765.601,5,3,8.93,7531,0,0,0,0,0,0,0,1,20893743833,1488321875,4877577.246,13213144.77,4883766,13222316,18090722.02
2020,USA,SGP,27050553.87,5,8,9.64,15347,0,1,1,0,0,0,0,1,20893743833,345295933.9,26976527.64,34751862,27086358,27685442,61728389.64
2020,USA,THA,11169543.49,5,7,9.54,13951,0,0,0,0,0,0,0,1,20893743833,499681757,11096521.37,15094646.37,11169633,14832668,26191167.74
2020,USA,USA,,5,5,7.07,1179,0,0,0,0,0,0,0,0,20893743833,20893743833,,,,,0
2020,USA,VNM,9989334.121,5,7,9.57,14306,0,0,0,0,0,0,0,1,20893743833,343242570.8,9984496.15,13757431.44,9989359,13758471,23741927.59
2020,USA,ZAF,4454735.15,5,2,9.46,12833,0,1,1,0,0,0,0,1,20893743833,335442101.4,4454729.552,4436159.379,4454774.5,4712223,8890888.931
2020,VNM,ARE,3916799.529,7,4,8.64,5634,0,0,0,0,0,0,0,1,343242570.8,358868765.2,3916799.509,5852131.312,3919208.5,5852131.5,9768930.821
2020,VNM,AUS,3622276.263,7,10,8.81,6694,0,0,0,0,0,0,0,1,343242570.8,1327836171,3622276.24,4494680.528,3623923.5,,8116956.768
2020,VNM,BRN,16457.24619,7,8,7.02,1116,0,0,0,0,0,1,0,1,343242570.8,12005825.77,16457.23,21123.634,16590.705,21069.057,37580.864
2020,VNM,CAN,4358867.171,7,5,9.54,13943,0,0,0,0,0,0,0,1,343242570.8,1645423408,4358867.153,6091404.885,4363889,6456769.5,10450272.04
2020,VNM,CHL,1017951.287,7,4,9.77,17475,0,0,0,0,0,0,0,1,343242570.8,252727193.7,1017951.271,836616.804,1019685,836616.812,1854568.075
2020,VNM,CHN,48879761.9,7,8,7.91,2732,1,0,0,0,0,0,0,1,343242570.8,14687673893,48879761.87,78474632.44,49094892,78844264,127354394.3
2020,VNM,COL,460337.4789,7,5,9.81,18303,0,0,0,0,0,0,0,1,343242570.8,270299982.9,460337.464,622568.811,461563.75,622568.812,1082906.275
2020,VNM,DEU,6638896.626,7,1,9.14,9287,0,0,0,0,0,0,0,1,343242570.8,3846413929,6638569.847,11703811.45,6645141,8651651,18342381.3
2020,VNM,FRA,3262023.202,7,1,9.22,10142,0,0,0,0,1,0,0,1,343242570.8,2630317731,3262023.183,4141858.877,3298995.5,4140172,7403882.06
2020,VNM,IDN,2823619.834,7,7,7.54,1876,0,0,0,0,0,1,0,1,343242570.8,1058688935,2823619.814,3130454.18,2832703.5,3130605.75,5954073.994
2020,VNM,IND,5234076.827,7,5.5,8.20,3652,0,0,0,0,0,0,1,1,343242570.8,2667687952,5234076.806,5564634.447,5238416.5,5557137,10798711.25
2020,VNM,JPN,19269479.1,7,9,8.37,4327,0,0,0,0,0,0,0,1,343242570.8,5040107754,19259050.27,22035853.43,19268348,22023738,41294903.7
2020,VNM,KHM,4221095.952,7,7,5.35,211,1,0,0,1,0,1,0,1,343242570.8,25872798.01,4221095.925,2655998.181,4279380.5,2655998.25,6877094.106
2020,VNM,KOR,19125191.19,7,9,8.19,3599,0,0,0,0,0,0,0,1,343242570.8,1637895803,19122798.92,20575110.39,19143346,20576626,39697909.31
2020,VNM,LAO,569114.5141,7,7,6.81,911,1,0,0,1,0,1,0,1,343242570.8,18981800.71,569114.49,,572037.5,606359.812,569114.49
2020,VNM,LKA,214600.0938,7,5.5,8.00,2979,0,0,0,0,0,0,0,1,343242570.8,80969683.54,214600.075,250791.15,214757.203,250791.172,465391.225
2020,VNM,MMR,633261.1872,7,6.5,7.18,1319,0,0,0,0,0,1,0,1,343242570.8,78930257.23,633261.165,588105.368,639940.375,588099.938,1221366.533
2020,VNM,MYS,3387832.901,7,8,6.91,1005,0,0,0,0,0,1,0,1,343242570.8,337006023.8,3386580.322,4276152.241,3364297.5,4293160,7662732.563
2020,VNM,NZL,498795.7961,7,12,9.09,8840,0,0,0,0,0,0,0,1,343242570.8,211734532.3,498795.774,632494.474,498919.938,633998.125,1131290.248
2020,VNM,PAK,396858.657,7,5,8.40,4458,0,0,0,0,0,0,0,1,343242570.8,300306331.7,396858.638,437951.66,397065.312,438805.844,834810.298
2020,VNM,PHL,3563388.566,7,8,7.39,1612,0,0,0,0,0,1,0,1,343242570.8,361751116.3,3563388.545,3121309.882,3552805.75,3074809,6684698.427
2020,VNM,RUS,2849201.366,7,3,8.95,7718,0,0,0,0,0,0,0,1,343242570.8,1488321875,2849201.346,4045348.544,2853594,4044961.5,6894549.89
2020,VNM,SGP,3009332.682,7,8,7.00,1092,0,0,0,0,0,1,0,1,343242570.8,345295933.9,3009332.133,4005285.303,3039564.25,3157968.75,7014617.436
2020,VNM,THA,4904499.747,7,7,6.61,745,0,0,0,0,0,1,0,1,343242570.8,499681757,4904122.847,5496091.835,4859024.5,5464558,10400214.68
2020,VNM,USA,77072438.53,7,5,9.57,14306,0,0,0,0,0,0,0,1,343242570.8,20893743833,77072381.94,83211776.99,77151200,79645032,160284158.9
2020,VNM,VNM,,7,7,5.38,216,0,0,0,0,0,1,0,0,343242570.8,343242570.8,,,,,0
2020,VNM,ZAF,681142.0931,7,2,9.15,9424,0,0,0,0,0,0,0,1,343242570.8,335442101.4,681142.071,880013.365,681456.688,924549.125,1561155.436
2020,ZAF,ARE,1533980.457,2,4,8.76,6405,0,0,0,0,0,0,0,1,335442101.4,358868765.2,1533980.429,1590644.794,1577605.625,3692234,3124625.223
2020,ZAF,AUS,759636.872,2,10,9.24,10347,0,1,1,0,0,0,0,1,335442101.4,1327836171,759636.847,754418.575,761301.875,771591.75,1514055.422
2020,ZAF,BRN,885.21379,2,8,9.21,9948,0,0,0,0,0,0,0,1,335442101.4,12005825.77,885.209,43055.717,872.695,43712.652,43940.926
2020,ZAF,CAN,309112.6539,2,5,9.50,13335,0,1,1,0,0,0,0,1,335442101.4,1645423408,309112.627,930683.142,308120.406,1509551.25,1239795.769
2020,ZAF,CHL,57100.64477,2,4,9.13,9192,0,0,0,0,0,0,0,1,335442101.4,252727193.7,57100.628,52939.094,57569.719,52939.117,110039.722
2020,ZAF,CHN,9793794.89,2,8,9.37,11775,0,0,0,0,0,0,0,1,335442101.4,14687673893,9793794.86,19477695.87,9908781,20607956,29271490.73
2020,ZAF,COL,19093.75592,2,5,9.35,11451,0,0,0,0,0,0,0,1,335442101.4,270299982.9,19093.734,19403.594,19306.992,19403.611,38497.328
2020,ZAF,DEU,6399406.291,2,1,9.09,8837,0,0,0,0,0,0,0,1,335442101.4,3846413929,6389503.451,8963181.685,7073630.5,8597070,15352685.14
2020,ZAF,FRA,564179.9931,2,1,9.07,8697,0,0,0,0,0,0,0,1,335442101.4,2630317731,564179.97,529598.754,563396.875,535380.25,1093778.724
2020,ZAF,IDN,504802.9829,2,7,9.06,8596,0,0,0,0,0,0,0,1,335442101.4,1058688935,504802.959,688881.483,469562.531,688881.5,1193684.442
2020,ZAF,IND,3226511.871,2,5.5,8.99,8029,0,1,1,0,0,0,0,1,335442101.4,2667687952,3226511.846,5260009.021,3163760.25,6676586,8486520.867
2020,ZAF,JPN,3792820.309,2,9,9.51,13538,0,0,0,0,0,0,0,1,335442101.4,5040107754,3792820.283,5759734.315,3816284.25,5761094.5,9552554.598
2020,ZAF,KHM,11551.03167,2,7,9.14,9298,0,0,0,0,0,0,0,1,335442101.4,25872798.01,11551.021,8330.37,12321.825,8330.378,19881.391
2020,ZAF,KOR,1388509.424,2,9,9.43,12483,0,0,1,0,0,0,0,1,335442101.4,1637895803,1388509.4,1684177.862,1416422.5,1696797,3072687.262
2020,ZAF,LAO,62.36556241,2,7,9.15,9422,0,0,0,0,0,0,0,1,335442101.4,18981800.71,62.364,,61.946,65.663,62.364
2020,ZAF,LKA,172383.4673,2,5.5,8.81,6686,0,0,0,0,0,0,0,1,335442101.4,80969683.54,172383.453,229076.218,179221.781,229076.234,401459.671
2020,ZAF,MMR,6299.569978,2,6.5,9.08,8768,0,0,0,0,0,0,0,1,335442101.4,78930257.23,6299.558,4431.039,6226.195,4430,10730.597
2020,ZAF,MYS,350119.095,2,8,9.05,8545,0,0,0,0,0,0,0,1,335442101.4,337006023.8,350119.071,508620.236,345777.469,511766.625,858739.307
2020,ZAF,NZL,68749.91194,2,12,9.41,12206,0,1,1,0,0,0,0,1,335442101.4,211734532.3,68749.887,78554.329,68685.188,78698.805,147304.216
2020,ZAF,PAK,723072.4506,2,5,8.86,7042,0,1,1,0,0,0,0,1,335442101.4,300306331.7,723072.433,921567.719,733905.938,924144.25,1644640.152
2020,ZAF,PHL,49231.31712,2,8,9.31,11007,0,1,1,0,0,0,0,1,335442101.4,361751116.3,49231.295,54445.064,56755.473,51783.602,103676.359
2020,ZAF,RUS,381572.9747,2,3,9.12,9126,0,0,0,0,0,0,0,1,335442101.4,1488321875,381572.952,692229.034,372764.688,693381.5,1073801.986
2020,ZAF,SGP,507033.0056,2,8,9.07,8664,0,1,1,0,0,0,0,1,335442101.4,345295933.9,507032.978,372340.088,511843.281,324128.594,879373.066
2020,ZAF,THA,367942.8418,2,7,9.10,8997,0,0,0,0,0,0,0,1,335442101.4,499681757,367942.817,448115.46,366487.281,473472.625,816058.277
2020,ZAF,USA,7131494.411,2,5,9.46,12833,0,1,1,0,0,0,0,1,335442101.4,20893743833,7131494.36,9971751.974,7163859.5,11370216,17103246.33
2020,ZAF,VNM,602173.8344,2,7,9.15,9424,0,0,0,0,0,0,0,1,335442101.4,343242570.8,602173.809,714235.599,576774.188,720721.75,1316409.408
2020,ZAF,ZAF,,2,2,6.03,415,0,0,0,0,0,0,0,0,335442101.4,335442101.4,,,,,0